2,2026-01-01 00:54:04.000000,2026-01-01 00:59:37.000000,1,0.97,1,"N",239,238,1,7.2,1,0.5,3.66,0,1,15.86,2.5,0
1,2026-01-01 00:34:04.000000,2026-01-01 00:39:47.000000,0,0.9,1,"N",163,162,2,7.9,4.25,0.5,0,0,1,13.65,2.5,0
1,2026-01-01 00:57:06.000000,2026-01-01 01:05:59.000000,0,1.4,1,"N",43,237,1,10.7,4.25,0.5,2.5,0,1,18.95,2.5,0
2,2026-01-01 00:15:22.000000,2026-01-01 00:58:10.000000,4,5.58,1,"N",142,209,1,38.7,1,0.5,11.11,0,1,55.56,2.5,0
2,2026-01-01 00:27:13.000000,2026-01-01 00:40:43.000000,0,2.16,1,"N",88,144,1,13.5,1,0.5,3.85,0,1,23.1,2.5,0
2,2026-01-01 00:47:11.000000,2026-01-01 01:00:47.000000,2,2.33,1,"N",144,137,1,14.2,1,0.5,4.99,0,1,24.94,2.5,0
1,2026-01-01 00:17:54.000000,2026-01-01 00:28:32.000000,1,1.3,1,"N",142,50,2,11.4,4.25,0.5,0,0,1,17.15,2.5,0
1,2026-01-01 00:34:28.000000,2026-01-01 00:59:05.000000,0,2.9,1,"N",50,234,1,22.6,4.25,0.5,5.65,0,1,34,2.5,0
2,2026-01-01 00:34:14.000000,2026-01-01 01:11:58.000000,1,5.34,1,"N",161,45,1,37.3,1,0.5,8.61,0,1,51.66,2.5,0
2,2026-01-01 00:41:07.000000,2026-01-01 00:50:42.000000,3,1.83,1,"N",237,263,1,10.7,1,0.5,2.36,0,1,18.06,2.5,0
2,2026-01-01 00:12:46.000000,2026-01-01 00:48:58.000000,1,3.09,1,"N",161,144,1,29.6,1,0.5,7.07,0,1,42.42,2.5,0
2,2026-01-01 00:50:40.000000,2026-01-01 01:03:09.000000,1,1.26,1,"N",144,79,1,12.1,1,0.5,3.57,0,1,21.42,2.5,0
1,2026-01-01 00:21:33.000000,2026-01-01 00:49:14.000000,2,0.9,1,"N",163,48,2,21.9,4.25,0.5,0,0,1,27.65,2.5,0
2,2026-01-01 00:42:31.000000,2026-01-01 00:44:28.000000,3,0.33,1,"N",234,90,2,4.4,1,0.5,0,0,1,10.15,2.5,0
1,2026-01-01 00:40:35.000000,2026-01-01 00:45:12.000000,1,0.5,1,"N",161,229,4,0,0,0,0,0,0,0,0,0
1,2026-01-01 00:58:23.000000,2026-01-01 01:20:19.000000,1,1.3,1,"N",162,170,2,17,4.25,0.5,0,0,1,22.75,2.5,0
7,2026-01-01 00:45:15.000000,2026-01-01 00:45:15.000000,1,1.54,1,"N",142,68,1,28.9,0,0.5,6.93,0,1,41.58,2.5,0
1,2026-01-01 00:38:26.000000,2026-01-01 01:04:42.000000,1,4.7,1,"N",90,87,1,28.9,4.25,0.5,6.9,0,1,41.55,2.5,0
1,2026-01-01 00:04:59.000000,2026-01-01 00:46:56.000000,1,10.2,1,"N",90,41,1,47.1,4.25,0.5,10.55,0,1,63.4,2.5,0
2,2026-01-01 00:21:45.000000,2026-01-01 00:31:43.000000,1,1.68,1,"N",239,263,1,11.4,1,0.5,1.64,0,1,18.04,2.5,0
2,2026-01-01 00:34:10.000000,2026-01-01 00:40:44.000000,1,1.05,1,"N",262,141,1,8.6,1,0.5,2.72,0,1,16.32,2.5,0
2,2026-01-01 00:42:34.000000,2026-01-01 00:47:15.000000,1,0.55,1,"N",140,237,1,5.8,1,0.5,1.08,0,1,11.88,2.5,0
2,2026-01-01 00:54:16.000000,2026-01-01 00:58:29.000000,1,0.52,1,"N",43,142,1,5.8,1,0.5,2.31,0,1,13.86,2.5,0
2,2026-01-01 00:34:56.000000,2026-01-01 00:57:29.000000,2,3.12,1,"N",161,239,1,22.6,1,0.5,4.25,0,1,32.6,2.5,0
2,2026-01-01 00:58:48.000000,2026-01-01 01:06:51.000000,2,1.4,1,"N",239,151,1,10,1,0.5,1.5,0,1,16.5,2.5,0
2,2026-01-01 00:10:51.000000,2026-01-01 00:18:46.000000,4,1.05,1,"N",164,164,1,9.3,1,0.5,3.01,0,1,18.06,2.5,0
2,2026-01-01 00:04:15.000000,2026-01-01 00:42:26.000000,1,6.45,1,"N",148,238,1,38,1,0.5,10.94,0,1,54.69,2.5,0
2,2026-01-01 00:16:17.000000,2026-01-01 00:21:28.000000,1,0.95,1,"N",249,114,2,7.2,1,0.5,0,0,1,12.95,2.5,0
1,2026-01-01 00:43:52.000000,2026-01-01 00:50:36.000000,1,1.1,1,"N",237,236,1,8.6,3.5,0.5,2.72,0,1,16.32,2.5,0
1,2026-01-01 00:55:26.000000,2026-01-01 01:11:02.000000,1,1.8,1,"N",237,233,1,14.2,4.25,0.5,4,0,1,23.95,2.5,0
1,2026-01-01 00:17:27.000000,2026-01-01 00:32:38.000000,1,1.9,1,"N",231,79,2,14.9,4.25,0.5,0,0,1,20.65,2.5,0
1,2026-01-01 00:38:30.000000,2026-01-01 00:57:14.000000,1,2.8,1,"N",114,229,1,18.4,4.25,0.5,4.8,0,1,28.95,2.5,0
2,2026-01-01 00:21:25.000000,2026-01-01 00:30:48.000000,2,1.25,1,"N",237,161,2,10.7,1,0.5,0,0,1,16.45,2.5,0
2,2026-01-01 00:35:05.000000,2026-01-01 00:47:09.000000,2,1.9,1,"N",161,262,1,12.1,1,0.5,3.57,0,1,21.42,2.5,0
2,2026-01-01 00:33:44.000000,2026-01-01 00:51:34.000000,1,2.8,1,"N",140,79,1,17.7,1,0.5,5.86,0,1,29.31,2.5,0
1,2026-01-01 00:07:07.000000,2026-01-01 00:14:25.000000,2,1.6,1,"N",35,72,2,9.3,1,0.5,0,0,1,11.8,0,0
2,2026-01-01 00:08:06.000000,2026-01-01 00:33:41.000000,1,10.48,1,"N",138,97,1,43.6,6,0.5,10.22,0,1,63.07,0,1.75
2,2026-01-01 00:12:23.000000,2026-01-01 00:31:56.000000,2,1.81,1,"N",114,107,1,17,1,0.5,6.82,0,1,29.57,2.5,0
1,2026-01-01 00:20:18.000000,2026-01-01 00:31:51.000000,1,3.9,1,"N",138,7,1,17,7.75,0.5,6.55,0,1,32.8,0,1.75
1,2026-01-01 00:49:04.000000,2026-01-01 01:36:01.000000,1,19.1,4,"N",140,265,2,80,4.25,0.5,0,0,1,85.75,2.5,0
2,2026-01-01 00:23:28.000000,2026-01-01 00:53:54.000000,1,6.89,1,"N",249,106,1,35.2,1,0.5,8.19,0,1,49.14,2.5,0
1,2026-01-01 00:44:39.000000,2026-01-01 00:52:33.000000,1,0.8,1,"N",162,164,1,7.9,4.25,0.5,2.75,0,1,16.4,2.5,0
1,2026-01-01 00:13:57.000000,2026-01-01 00:24:50.000000,1,1.4,1,"N",148,87,4,10.7,4.25,0.5,0,0,1,16.45,2.5,0
1,2026-01-01 00:55:56.000000,2026-01-01 01:46:40.000000,1,6.8,1,"N",234,41,1,41.5,4.25,0.5,11.8,0,1,59.05,2.5,0
2,2026-01-01 00:28:54.000000,2026-01-01 00:33:48.000000,1,0.78,1,"N",158,125,1,6.5,1,0.5,3.06,0,1,15.31,2.5,0
2,2026-01-01 00:35:59.000000,2026-01-01 00:59:01.000000,1,3.03,1,"N",125,233,1,21.2,1,0.5,5.39,0,1,32.34,2.5,0
2,2026-01-01 00:28:29.000000,2026-01-01 00:46:04.000000,3,4.78,1,"N",238,243,1,23.3,1,0.5,2,0,1,27.8,0,0
2,2026-01-01 00:12:02.000000,2026-01-01 00:18:13.000000,1,1,1,"N",237,236,1,8.6,1,0.5,1.63,0,1,15.23,2.5,0
2,2026-01-01 00:21:25.000000,2026-01-01 00:26:42.000000,1,0.96,1,"N",237,140,2,7.2,1,0.5,0,0,1,12.2,2.5,0
2,2026-01-01 00:30:32.000000,2026-01-01 00:37:22.000000,1,1.79,1,"N",140,75,1,10,1,0.5,3,0,1,18,2.5,0
2,2026-01-01 00:40:19.000000,2026-01-01 00:56:52.000000,2,1.89,1,"N",68,68,1,16.3,1,0.5,0,0,1,22.05,2.5,0
2,2026-01-01 00:01:27.000000,2026-01-01 00:44:30.000000,1,18.47,2,"N",132,246,1,70,0,0.5,16.34,6.94,1,99.78,2.5,1.75
2,2026-01-01 00:53:35.000000,2026-01-01 01:47:24.000000,1,8.38,1,"N",246,145,1,52.7,1,0.5,5.84,0,1,64.29,2.5,0
2,2026-01-01 00:32:08.000000,2026-01-01 00:57:25.000000,1,2.71,1,"N",237,164,1,21.9,1,0.5,5.53,0,1,33.18,2.5,0
2,2026-01-01 00:31:11.000000,2026-01-01 00:52:16.000000,1,4.84,1,"N",50,116,1,24.7,1,0.5,6.09,0,1,36.54,2.5,0
2,2026-01-01 00:17:30.000000,2026-01-01 00:33:47.000000,2,0.94,1,"N",163,164,1,14.2,1,0.5,3.99,0,1,23.94,2.5,0
2,2026-01-01 00:35:52.000000,2026-01-01 00:58:14.000000,1,3.11,1,"N",164,262,1,21.2,1,0.5,5.39,0,1,32.34,2.5,0
2,2026-01-01 00:18:27.000000,2026-01-01 00:29:21.000000,3,1.49,1,"N",142,50,1,11.4,1,0.5,4.29,0,1,21.44,2.5,0
2,2026-01-01 00:53:10.000000,2026-01-01 01:14:30.000000,2,2.57,1,"N",90,144,1,19.1,1,0.5,4.97,0,1,29.82,2.5,0
1,2026-01-01 00:22:21.000000,2026-01-01 01:00:28.000000,1,19.9,1,"N",138,14,2,74.4,7.75,0.5,0,0,1,83.65,0,1.75
1,2026-01-01 00:23:16.000000,2026-01-01 00:37:18.000000,2,2.6,1,"N",48,151,1,14.9,4.25,0.5,0,0,1,20.65,2.5,0
1,2026-01-01 00:59:22.000000,2026-01-01 01:07:58.000000,0,1.3,1,"N",75,151,2,10,1,0.5,0,0,1,12.5,0,0
2,2026-01-01 00:07:54.000000,2026-01-01 00:19:37.000000,1,5.02,1,"N",138,226,2,21.9,6,0.5,0,0,1,31.15,0,1.75
2,2026-01-01 00:05:24.000000,2026-01-01 00:09:32.000000,1,0.52,1,"N",114,211,1,5.8,1,0.5,2.31,0,1,13.86,2.5,0
2,2026-01-01 00:17:11.000000,2026-01-01 00:43:02.000000,1,2.55,1,"N",211,170,1,22.6,1,0.5,5.67,0,1,34.02,2.5,0
2,2026-01-01 00:51:26.000000,2026-01-01 01:17:35.000000,1,5.89,1,"N",170,37,1,30.3,1,0.5,8.6,6.94,1,51.59,2.5,0
2,2026-01-01 00:29:56.000000,2026-01-01 00:53:41.000000,1,15.42,1,"N",132,255,1,56.9,1,0.5,14.85,0,1,76,0,1.75
2,2026-01-01 00:24:59.000000,2026-01-01 00:55:26.000000,1,4.75,1,"N",143,125,2,29.6,1,0.5,0,0,1,35.35,2.5,0
1,2026-01-01 00:07:09.000000,2026-01-01 00:31:30.000000,0,1.6,1,"N",79,90,1,21.2,4.25,0.5,0.04,0,1,26.99,2.5,0
1,2026-01-01 00:46:33.000000,2026-01-01 01:16:57.000000,0,4.3,1,"N",113,263,1,27.5,4.25,0.5,6.65,0,1,39.9,2.5,0
2,2026-01-01 00:16:36.000000,2026-01-01 00:40:37.000000,2,6.04,1,"N",164,66,1,31.7,1,0.5,9.36,0,1,46.81,2.5,0
2,2026-01-01 00:44:17.000000,2026-01-01 01:24:14.000000,2,4.88,1,"N",66,225,1,37.3,1,0.5,5,0,1,44.8,0,0
2,2026-01-01 00:27:43.000000,2026-01-01 00:55:13.000000,1,3.22,1,"N",229,249,2,24,1,0.5,0,0,1,29.75,2.5,0
2,2026-01-01 00:41:44.000000,2026-01-01 00:50:02.000000,1,1.62,1,"N",238,143,1,10.7,1,0.5,2.47,0,1,18.92,2.5,0
2,2026-01-01 00:54:05.000000,2026-01-01 00:56:36.000000,1,0.63,1,"N",143,143,4,-5.1,-1,-0.5,0,0,-1,-10.1,-2.5,0
2,2026-01-01 00:54:05.000000,2026-01-01 00:56:36.000000,1,0.63,1,"N",143,143,4,5.1,1,0.5,0,0,1,10.1,2.5,0
2,2026-01-01 00:58:53.000000,2026-01-01 01:06:54.000000,1,2.12,1,"N",142,236,1,11.4,1,0.5,4,0,1,20.4,2.5,0
1,2026-01-01 00:16:40.000000,2026-01-01 00:24:47.000000,1,2,1,"N",162,263,2,10,4.25,0.5,0,0,1,15.75,2.5,0
1,2026-01-01 00:29:13.000000,2026-01-01 00:34:54.000000,1,0.9,1,"N",263,236,1,7.2,3.5,0.5,2.45,0,1,14.65,2.5,0
1,2026-01-01 00:49:32.000000,2026-01-01 01:18:59.000000,1,3.3,1,"N",237,68,1,24.7,4.25,0.5,6.1,0,1,36.55,2.5,0
2,2026-01-01 00:50:45.000000,2026-01-01 01:09:06.000000,1,4.79,1,"N",48,42,1,22.6,1,0.5,1,0,1,29.35,2.5,0
1,2026-01-01 00:27:23.000000,2026-01-01 01:23:50.000000,1,6.6,1,"N",249,41,1,40.8,4.25,0.5,13.95,0,1,60.5,2.5,0
2,2026-01-01 00:02:18.000000,2026-01-01 00:13:30.000000,1,2.9,1,"N",231,68,1,14.9,1,0.5,4.13,0,1,24.78,2.5,0
2,2026-01-01 00:21:51.000000,2026-01-01 00:50:53.000000,1,1.59,1,"N",68,48,1,24,1,0.5,5.95,0,1,35.7,2.5,0
2,2026-01-01 00:52:51.000000,2026-01-01 01:11:03.000000,1,3.27,1,"N",48,236,1,19.8,1,0.5,6.39,0,1,31.94,2.5,0
2,2026-01-01 00:22:33.000000,2026-01-01 00:31:21.000000,1,1.64,1,"N",79,233,1,10.7,1,0.5,3.29,0,1,19.74,2.5,0
2,2026-01-01 00:53:00.000000,2026-01-01 01:13:31.000000,1,2.96,1,"N",79,237,1,20.5,1,0.5,3.94,0,1,30.19,2.5,0
2,2026-01-01 00:11:17.000000,2026-01-01 00:36:57.000000,1,3.82,1,"N",79,25,1,25.4,1,0.5,7.79,0,1,38.94,2.5,0
2,2026-01-01 00:59:51.000000,2026-01-01 01:30:55.000000,1,3.78,1,"N",144,36,1,29.6,1,0.5,7.07,0,1,42.42,2.5,0
2,2026-01-01 00:17:46.000000,2026-01-01 00:30:00.000000,1,2.98,1,"N",170,236,1,14.2,1,0.5,4.99,0,1,24.94,2.5,0
2,2026-01-01 00:43:24.000000,2026-01-01 00:47:36.000000,1,0.62,1,"N",236,236,1,6.5,1,0.5,2.5,0,1,14,2.5,0
2,2026-01-01 00:58:07.000000,2026-01-01 01:00:36.000000,1,0.66,1,"N",263,263,1,5.1,1,0.5,3.03,0,1,13.13,2.5,0
2,2026-01-01 00:26:19.000000,2026-01-01 00:39:06.000000,1,0.82,1,"N",162,163,1,12.1,1,0.5,3.57,0,1,21.42,2.5,0
2,2026-01-01 00:45:11.000000,2026-01-01 00:58:37.000000,1,0.84,1,"N",163,161,1,12.8,1,0.5,5,0,1,23.55,2.5,0
2,2026-01-01 00:41:31.000000,2026-01-01 00:50:01.000000,1,1.28,1,"N",75,41,2,10,1,0.5,0,0,1,12.5,0,0
2,2026-01-01 00:55:35.000000,2026-01-01 01:04:14.000000,1,1.15,1,"N",166,41,2,8.6,1,0.5,0,0,1,11.1,0,0
1,2026-01-01 00:06:27.000000,2026-01-01 00:14:12.000000,1,1,1,"N",79,170,1,8.6,4.25,0.5,3.6,0,1,17.95,2.5,0
1,2026-01-01 00:53:37.000000,2026-01-01 01:11:29.000000,4,3.6,1,"N",232,164,2,19.8,4.25,0.5,0,0,1,25.55,2.5,0
2,2026-01-01 00:16:30.000000,2026-01-01 00:21:11.000000,1,1,1,"N",239,239,1,7.2,1,0.5,2.44,0,1,14.64,2.5,0
2,2026-01-01 00:25:24.000000,2026-01-01 01:03:47.000000,1,10.52,1,"N",239,97,1,49.9,1,0.5,16.47,0,1,71.37,2.5,0
2,2026-01-01 00:24:09.000000,2026-01-01 00:53:13.000000,1,3.76,1,"N",79,237,1,24.7,1,0.5,9.14,0,1,39.59,2.5,0
2,2026-01-01 00:04:06.000000,2026-01-01 00:22:51.000000,4,5.07,1,"N",158,151,1,25.4,1,0.5,6.23,0,1,37.38,2.5,0
2,2026-01-01 00:26:25.000000,2026-01-01 00:37:10.000000,1,1.61,1,"N",166,166,2,12.1,1,0.5,0,0,1,14.6,0,0
2,2026-01-01 00:39:09.000000,2026-01-01 00:50:44.000000,1,1.93,1,"N",166,116,2,13.5,1,0.5,0,0,1,16,0,0
2,2026-01-01 00:18:14.000000,2026-01-01 00:24:20.000000,2,1.01,1,"N",141,237,1,7.9,1,0.5,2.05,0,1,15.7,2.5,0
2,2026-01-01 00:34:38.000000,2026-01-01 00:57:37.000000,3,2.6,1,"N",43,233,1,21.2,1,0.5,5.39,0,1,32.34,2.5,0
1,2026-01-01 00:03:48.000000,2026-01-01 00:07:04.000000,1,0.4,1,"N",79,170,1,5.1,4.25,0.5,2.7,0,1,13.55,2.5,0
2,2026-01-01 00:20:33.000000,2026-01-01 00:28:32.000000,2,1.09,1,"N",239,142,1,9.3,1,0.5,2.86,0,1,17.16,2.5,0
2,2026-01-01 00:33:13.000000,2026-01-01 01:04:31.000000,4,4.05,1,"N",142,234,1,29.6,1,0.5,0,0,1,35.35,2.5,0
2,2026-01-01 00:24:39.000000,2026-01-01 00:30:01.000000,1,0.59,1,"N",246,186,1,6.5,1,0.5,0,0,1,12.25,2.5,0
2,2026-01-01 00:08:34.000000,2026-01-01 00:17:26.000000,1,1.71,1,"N",151,152,2,11.4,1,0.5,0,0,1,13.9,0,0
1,2026-01-01 00:14:11.000000,2026-01-01 00:29:36.000000,1,1.4,1,"N",148,107,1,13.5,4.25,0.5,3.85,0,1,23.1,2.5,0
1,2026-01-01 00:32:16.000000,2026-01-01 01:47:51.000000,1,11.1,1,"N",137,133,1,64.6,4.25,0.5,15.45,6.94,1,92.74,2.5,0
2,2026-01-01 00:18:42.000000,2026-01-01 00:25:09.000000,1,1.17,1,"N",237,262,1,8.6,1,0.5,4.08,0,1,17.68,2.5,0
2,2026-01-01 00:39:17.000000,2026-01-01 00:46:54.000000,1,1.08,1,"N",236,141,1,9.3,1,0.5,3.58,0,1,17.88,2.5,0
2,2026-01-01 00:53:24.000000,2026-01-01 00:55:48.000000,1,0.51,1,"N",262,263,1,5.1,1,0.5,1,0,1,11.1,2.5,0
2,2026-01-01 00:12:45.000000,2026-01-01 00:27:58.000000,1,7.82,1,"N",87,263,1,31.7,1,0.5,7.49,0,1,44.94,2.5,0
2,2026-01-01 00:31:18.000000,2026-01-01 00:40:13.000000,1,2.88,1,"N",262,74,1,14.9,1,0.5,3.98,0,1,23.88,2.5,0
1,2026-01-01 00:21:36.000000,2026-01-01 00:22:52.000000,1,0,1,"N",239,43,2,3,3.5,0.5,0,0,1,8,2.5,0
1,2026-01-01 00:24:53.000000,2026-01-01 01:06:57.000000,2,7,1,"N",239,87,1,37.3,4.25,0.5,10.75,0,1,53.8,2.5,0
2,2026-01-01 00:30:48.000000,2026-01-01 01:02:55.000000,1,2.55,1,"N",113,48,2,26.8,1,0.5,0,0,1,32.55,2.5,0
2,2026-01-01 00:16:36.000000,2026-01-01 00:34:46.000000,1,2.24,1,"N",239,141,1,17.7,1,0.5,3,0,1,25.7,2.5,0
1,2026-01-01 00:15:28.000000,2026-01-01 00:36:58.000000,3,2.2,1,"N",142,162,1,19.8,4.25,0.5,3,0,1,28.55,2.5,0
1,2026-01-01 00:52:21.000000,2026-01-01 00:59:29.000000,2,1,1,"N",234,79,1,8.6,4.25,0.5,1,0,1,15.35,2.5,0
2,2026-01-01 00:30:55.000000,2026-01-01 00:36:42.000000,1,1.4,1,"N",75,262,1,8.6,1,0.5,2.72,0,1,16.32,2.5,0
2,2026-01-01 00:41:25.000000,2026-01-01 00:56:38.000000,1,2.73,1,"N",140,238,1,17,1,0.5,4.4,0,1,26.4,2.5,0
7,2026-01-01 00:46:05.000000,2026-01-01 00:46:05.000000,1,1.79,1,"N",43,233,1,18.4,0,0.5,0,0,1,24.15,2.5,0
1,2026-01-01 00:21:21.000000,2026-01-01 00:29:49.000000,1,2.1,1,"N",137,141,1,11.4,4.25,0.5,2.85,0,1,20,2.5,0
1,2026-01-01 00:34:48.000000,2026-01-01 00:38:25.000000,1,0.5,1,"N",141,141,1,5.1,3.5,0.5,2.55,0,1,12.65,2.5,0
1,2026-01-01 00:43:04.000000,2026-01-01 00:57:02.000000,1,1.5,1,"N",229,137,1,13.5,4.25,0.5,1,0,1,20.25,2.5,0
2,2026-01-01 00:17:25.000000,2026-01-01 00:20:59.000000,1,0.85,1,"N",142,239,1,6.5,1,0.5,2.3,0,1,13.8,2.5,0
2,2026-01-01 00:23:38.000000,2026-01-01 00:29:35.000000,1,1.56,1,"N",239,151,1,9.3,1,0.5,4.29,0,1,18.59,2.5,0
2,2026-01-01 00:32:07.000000,2026-01-01 00:45:44.000000,4,2.11,1,"N",151,42,1,14.9,1,0.5,3.48,0,1,20.88,0,0
2,2026-01-01 00:26:33.000000,2026-01-01 00:41:54.000000,1,0.99,1,"N",68,170,2,13.5,1,0.5,0,0,1,19.25,2.5,0
2,2026-01-01 00:35:43.000000,2026-01-01 00:39:07.000000,1,0.09,1,"N",90,90,1,5.1,1,0.5,1.08,0,1,11.93,2.5,0
2,2026-01-01 00:41:47.000000,2026-01-01 01:11:38.000000,1,7.05,1,"N",234,74,1,35.2,1,0.5,8.19,0,1,49.14,2.5,0
2,2026-01-01 00:08:42.000000,2026-01-01 00:14:51.000000,1,0.96,1,"N",234,137,1,7.9,1,0.5,1,0,1,14.65,2.5,0
2,2026-01-01 00:38:16.000000,2026-01-01 00:44:36.000000,1,0.78,1,"N",164,234,1,7.9,1,0.5,2.73,0,1,16.38,2.5,0
2,2026-01-01 00:09:13.000000,2026-01-01 00:18:24.000000,2,1.8,1,"N",141,233,1,10.7,1,0.5,3.29,0,1,19.74,2.5,0
2,2026-01-01 00:20:49.000000,2026-01-01 00:26:12.000000,1,1.19,1,"N",137,79,1,7.9,1,0.5,2,0,1,15.65,2.5,0
2,2026-01-01 00:28:09.000000,2026-01-01 00:33:33.000000,1,0.63,1,"N",79,113,1,6.5,1,0.5,2.45,0,1,14.7,2.5,0
2,2026-01-01 00:30:36.000000,2026-01-01 00:38:20.000000,1,1.13,1,"N",237,229,2,8.6,1,0.5,0,0,1,14.35,2.5,0
2,2026-01-01 00:52:50.000000,2026-01-01 01:01:18.000000,1,1.17,1,"N",239,263,1,10,1,0.5,3,0,1,18,2.5,0
1,2026-01-01 00:12:50.000000,2026-01-01 00:40:13.000000,1,3.1,1,"N",142,262,1,24.7,3.5,0.5,5.94,0,1,35.64,2.5,0
1,2026-01-01 00:42:29.000000,2026-01-01 00:45:31.000000,1,0.6,1,"N",262,141,1,5.1,3.5,0.5,0,0,1,10.1,2.5,0
1,2026-01-01 00:49:30.000000,2026-01-01 01:09:49.000000,1,1.9,1,"N",237,50,1,17.7,4.25,0.5,4.65,0,1,28.1,2.5,0
2,2026-01-01 00:37:41.000000,2026-01-01 01:01:05.000000,1,4.22,1,"N",239,68,1,24,1,0.5,8.93,0,1,38.68,2.5,0
1,2026-01-01 00:18:06.000000,2026-01-01 00:31:06.000000,1,3.2,1,"N",161,41,1,16.3,4.25,0.5,4.4,0,1,26.45,2.5,0
1,2026-01-01 00:47:10.000000,2026-01-01 00:53:03.000000,1,0.7,1,"N",151,238,2,7.2,3.5,0.5,0,0,1,12.2,2.5,0
2,2026-01-01 00:00:22.000000,2026-01-01 00:27:41.000000,2,19.15,2,"N",132,75,2,70,0,0.5,0,6.94,1,80.19,0,1.75
1,2026-01-01 00:11:47.000000,2026-01-01 00:13:54.000000,1,0.2,1,"N",90,90,2,4.4,4.25,0.5,0,0,1,10.15,2.5,0
1,2026-01-01 00:27:10.000000,2026-01-01 00:43:22.000000,1,1.9,1,"N",158,48,1,14.9,4.25,0.5,5.15,0,1,25.8,2.5,0
2,2026-01-01 00:33:27.000000,2026-01-01 00:37:31.000000,2,0.65,1,"N",79,113,1,5.8,1,0.5,2.5,0,1,14.05,2.5,0
1,2026-01-01 00:21:05.000000,2026-01-01 00:36:06.000000,1,2,1,"N",246,48,1,14.2,4.25,0.5,4,0,1,23.95,2.5,0
2,2026-01-01 00:05:26.000000,2026-01-01 00:10:13.000000,1,0.56,1,"N",237,237,1,6.5,1,0.5,2.45,0,1,14.7,2.5,0
1,2026-01-01 00:24:37.000000,2026-01-01 00:37:41.000000,1,1.4,1,"N",249,234,1,12.1,4.25,0.5,3.55,0,1,21.4,2.5,0
1,2026-01-01 00:57:19.000000,2026-01-01 01:02:02.000000,1,1,1,"N",249,68,1,6.5,4.25,0.5,2.45,0,1,14.7,2.5,0
2,2026-01-01 00:16:36.000000,2026-01-01 00:18:25.000000,1,0.39,1,"N",236,237,1,4.4,1,0.5,1.41,0,1,10.81,2.5,0
2,2026-01-01 00:29:51.000000,2026-01-01 01:01:06.000000,1,3.56,1,"N",237,113,1,27.5,1,0.5,6.65,0,1,39.9,2.5,0
2,2026-01-01 00:35:58.000000,2026-01-01 00:42:51.000000,1,0.89,1,"N",90,158,2,8.6,1,0.5,0,0,1,14.35,2.5,0
2,2026-01-01 00:45:31.000000,2026-01-01 01:26:01.000000,1,9.01,1,"N",249,133,1,47.1,1,0.5,13.21,0,1,66.06,2.5,0
1,2026-01-01 00:20:03.000000,2026-01-01 00:46:24.000000,3,2.8,1,"N",144,161,2,21.2,4.25,0.5,0,0,1,26.95,2.5,0
1,2026-01-01 00:54:28.000000,2026-01-01 01:03:50.000000,2,1.9,1,"N",162,75,1,10.7,4.25,0.5,3.3,0,1,19.75,2.5,0
2,2026-01-01 00:16:18.000000,2026-01-01 00:44:45.000000,2,3.48,1,"N",261,170,2,25.4,1,0.5,0,0,1,31.15,2.5,0
2,2026-01-01 00:50:50.000000,2026-01-01 01:10:22.000000,2,4.99,1,"N",164,88,1,26.1,1,0.5,6.37,0,1,38.22,2.5,0
2,2026-01-01 00:23:20.000000,2026-01-01 00:56:20.000000,1,4.22,1,"N",249,239,1,29.6,1,0.5,7.07,0,1,42.42,2.5,0
2,2026-01-01 00:58:05.000000,2026-01-01 01:04:08.000000,1,0.94,1,"N",239,238,1,7.9,1,0.5,3.87,0,1,16.77,2.5,0
1,2026-01-01 00:13:58.000000,2026-01-01 00:18:49.000000,1,0.9,1,"N",158,125,1,6.5,4.25,0.5,2.45,0,1,14.7,2.5,0
1,2026-01-01 00:32:17.000000,2026-01-01 01:06:40.000000,1,5,1,"N",114,236,1,28.9,4.25,0.5,6.95,0,1,41.6,2.5,0
1,2026-01-01 00:53:18.000000,2026-01-01 01:06:27.000000,1,1.2,1,"N",137,79,2,12.1,4.25,0.5,0,0,1,17.85,2.5,0
2,2026-01-01 00:26:08.000000,2026-01-01 00:42:18.000000,1,2.53,1,"N",90,231,1,17,1,0.5,4.55,0,1,27.3,2.5,0
2,2026-01-01 00:48:28.000000,2026-01-01 00:55:02.000000,1,1.62,1,"N",125,68,1,10,1,0.5,3.15,0,1,18.9,2.5,0
2,2026-01-01 00:57:38.000000,2026-01-01 01:28:17.000000,1,2.21,1,"N",68,142,1,26.1,1,0.5,6.37,0,1,38.22,2.5,0
2,2026-01-01 00:16:10.000000,2026-01-01 00:21:27.000000,1,0.69,1,"N",141,236,2,7.2,1,0.5,0,0,1,12.2,2.5,0
2,2026-01-01 00:24:54.000000,2026-01-01 00:27:39.000000,1,0.85,1,"N",236,140,1,5.8,1,0.5,2.7,0,1,13.5,2.5,0
2,2026-01-01 00:30:35.000000,2026-01-01 00:44:42.000000,1,3.65,1,"N",140,41,2,17.7,1,0.5,0,0,1,22.7,2.5,0
2,2026-01-01 00:25:13.000000,2026-01-01 00:32:56.000000,1,0.64,1,"N",170,170,1,7.9,1,0.5,4.1,0,1,17.75,2.5,0
2,2026-01-01 00:52:03.000000,2026-01-01 01:37:48.000000,1,3.38,1,"N",90,142,2,36.6,1,0.5,0,0,1,42.35,2.5,0
2,2026-01-01 00:13:31.000000,2026-01-01 00:38:37.000000,1,4.24,1,"N",148,225,2,23.3,1,0.5,0,0,1,29.05,2.5,0
2,2026-01-01 00:06:17.000000,2026-01-01 00:16:10.000000,1,3.21,1,"N",237,7,1,15.6,1,0.5,4.27,0,1,25.62,2.5,0
1,2026-01-01 00:23:47.000000,2026-01-01 00:46:57.000000,1,2,1,"N",234,161,1,19.8,4.25,0.5,5.1,0,1,30.65,2.5,0
1,2026-01-01 00:53:07.000000,2026-01-01 01:15:16.000000,1,2.7,1,"N",162,249,1,21.2,4.25,0.5,5,0,1,31.95,2.5,0
2,2026-01-01 00:19:40.000000,2026-01-01 00:32:55.000000,1,2.11,1,"N",238,166,1,14.9,1,0.5,5.97,0,1,25.87,2.5,0
2,2026-01-01 00:50:21.000000,2026-01-01 01:05:40.000000,1,2.34,1,"N",43,238,1,15.6,1,0.5,5.15,0,1,25.75,2.5,0
2,2026-01-01 00:56:46.000000,2026-01-01 00:58:48.000000,1,0.17,1,"N",162,233,1,4.4,1,0.5,2,0,1,12.15,2.5,0
1,2026-01-01 00:21:34.000000,2026-01-01 00:23:51.000000,1,0.4,1,"N",237,141,1,4.4,3.5,0.5,1.85,0,1,11.25,2.5,0
1,2026-01-01 00:25:58.000000,2026-01-01 00:30:09.000000,1,1,1,"N",141,262,2,6.5,3.5,0.5,0,0,1,11.5,2.5,0
1,2026-01-01 00:34:31.000000,2026-01-01 00:50:50.000000,1,2.2,1,"N",236,143,1,17,3.5,0.5,4.4,0,1,26.4,2.5,0
1,2026-01-01 00:59:47.000000,2026-01-01 01:04:10.000000,1,0.9,1,"N",239,236,1,7.2,3.5,0.5,3,0,1,15.2,2.5,0
2,2026-01-01 00:26:43.000000,2026-01-01 00:54:32.000000,1,3.84,1,"N",68,236,1,24.7,1,0.5,6.09,0,1,36.54,2.5,0
1,2026-01-01 00:06:09.000000,2026-01-01 00:20:12.000000,1,1.5,1,"N",142,50,1,12.8,4.25,0.5,3.7,0,1,22.25,2.5,0
2,2026-01-01 00:26:01.000000,2026-01-01 00:40:38.000000,2,2.92,1,"N",79,161,1,16.3,1,0.5,1,0,1,23.05,2.5,0
2,2026-01-01 00:44:23.000000,2026-01-01 00:46:06.000000,2,0.29,1,"N",237,237,1,3.7,1,0.5,1.89,0,1,11.34,2.5,0
2,2026-01-01 00:52:07.000000,2026-01-01 01:04:01.000000,1,3.15,1,"N",237,24,1,15.6,1,0.5,5.15,0,1,25.75,2.5,0
1,2026-01-01 00:13:06.000000,2026-01-01 00:18:37.000000,1,0.6,1,"N",107,170,1,6.5,4.25,0.5,2.45,0,1,14.7,2.5,0
1,2026-01-01 00:29:50.000000,2026-01-01 00:40:14.000000,4,1.6,1,"N",162,262,1,10.7,4.25,0.5,1.64,0,1,18.09,2.5,0
1,2026-01-01 00:48:19.000000,2026-01-01 00:53:17.000000,1,0.7,1,"N",263,140,1,6.5,3.5,0.5,2.9,0,1,14.4,2.5,0
2,2026-01-01 00:08:45.000000,2026-01-01 00:15:02.000000,1,1.17,1,"N",229,170,1,7.9,1,0.5,2.73,0,1,16.38,2.5,0
2,2026-01-01 00:48:10.000000,2026-01-01 01:07:48.000000,2,3.29,1,"N",144,233,2,19.8,1,0.5,0,0,1,25.55,2.5,0
2,2026-01-01 00:31:58.000000,2026-01-01 00:53:56.000000,2,2.72,1,"N",233,144,1,20.5,1,0.5,5.25,0,1,31.5,2.5,0
1,2026-01-01 00:39:16.000000,2026-01-01 00:44:52.000000,1,0.7,1,"N",90,249,1,6.5,4.25,0.5,2.45,0,1,14.7,2.5,0
1,2026-01-01 00:46:25.000000,2026-01-01 01:08:21.000000,1,2.4,1,"N",249,233,1,19.1,4.25,0.5,0,0,1,24.85,2.5,0
2,2026-01-01 00:40:15.000000,2026-01-01 00:52:34.000000,1,1.5,1,"N",90,79,1,12.1,1,0.5,3.57,0,1,21.42,2.5,0
1,2026-01-01 00:38:49.000000,2026-01-01 01:01:15.000000,1,1.9,1,"N",161,68,2,18.4,4.25,0.5,0,0,1,24.15,2.5,0
2,2026-01-01 00:28:06.000000,2026-01-01 00:32:03.000000,2,0.88,1,"N",263,140,1,6.5,1,0.5,2.88,0,1,14.38,2.5,0
2,2026-01-01 00:34:00.000000,2026-01-01 00:38:33.000000,3,0.79,1,"N",140,263,1,6.5,1,0.5,2.3,0,1,13.8,2.5,0
2,2026-01-01 00:41:26.000000,2026-01-01 00:47:09.000000,3,1.15,1,"N",263,141,1,7.9,1,0.5,2.58,0,1,15.48,2.5,0
2,2026-01-01 00:58:44.000000,2026-01-01 01:30:23.000000,1,6.05,1,"N",224,238,2,33.1,1,0.5,0,0,1,38.85,2.5,0
2,2026-01-01 00:05:26.000000,2026-01-01 00:15:26.000000,3,1.87,1,"N",4,137,1,11.4,1,0.5,3.43,0,1,20.58,2.5,0
1,2026-01-01 00:22:25.000000,2026-01-01 00:34:32.000000,2,1.9,1,"N",43,229,1,12.8,4.25,0.5,2,0,1,20.55,2.5,0
1,2026-01-01 00:41:01.000000,2026-01-01 00:50:37.000000,2,1.5,1,"N",161,236,2,10.7,4.25,0.5,0,0,1,16.45,2.5,0
1,2026-01-01 00:59:12.000000,2026-01-01 01:07:30.000000,2,1.1,1,"N",236,237,1,9.3,3.5,0.5,3.6,0,1,17.9,2.5,0
2,2026-01-01 00:20:13.000000,2026-01-01 00:32:11.000000,1,1.41,1,"N",114,68,1,12.1,1,0.5,3.57,0,1,21.42,2.5,0
2,2026-01-01 00:33:01.000000,2026-01-01 01:02:57.000000,1,3.39,1,"N",68,239,1,28.2,1,0.5,6.79,0,1,40.74,2.5,0
2,2026-01-01 00:08:41.000000,2026-01-01 00:18:30.000000,3,1.63,1,"N",239,237,1,11.4,1,0.5,4.1,0,1,20.5,2.5,0
2,2026-01-01 00:26:07.000000,2026-01-01 00:33:27.000000,3,1.2,1,"N",237,162,1,9.3,1,0.5,3.01,0,1,18.06,2.5,0
1,2026-01-01 00:12:11.000000,2026-01-01 00:27:58.000000,1,1.6,1,"N",234,79,1,13.5,4.25,0.5,5.8,0,1,25.05,2.5,0
2,2026-01-01 00:18:35.000000,2026-01-01 00:22:49.000000,1,0.76,1,"N",236,262,1,6.5,1,0.5,2.3,0,1,13.8,2.5,0
2,2026-01-01 00:37:48.000000,2026-01-01 01:05:41.000000,1,3.4,1,"N",75,233,1,26.1,1,0.5,10,0,1,41.85,2.5,0
2,2026-01-01 00:48:49.000000,2026-01-01 00:51:21.000000,2,0.48,1,"N",229,229,2,4.4,1,0.5,0,0,1,10.15,2.5,0
2,2026-01-01 00:41:31.000000,2026-01-01 01:01:12.000000,1,2.76,1,"N",79,229,1,18.4,1,0.5,6.04,0,1,30.19,2.5,0
2,2026-01-01 00:07:08.000000,2026-01-01 00:18:18.000000,3,1.73,1,"N",239,236,1,12.1,1,0.5,1.71,0,1,18.81,2.5,0
2,2026-01-01 00:26:27.000000,2026-01-01 00:36:37.000000,1,1.79,1,"N",239,237,1,12.1,1,0.5,2.56,0,1,19.66,2.5,0
2,2026-01-01 00:42:15.000000,2026-01-01 00:47:24.000000,1,0.91,1,"N",79,79,1,7.2,1,0.5,1.5,0,1,14.45,2.5,0
2,2026-01-01 00:36:38.000000,2026-01-01 00:54:09.000000,1,3.41,1,"N",237,24,1,20.5,1,0.5,5.1,0,1,30.6,2.5,0
2,2026-01-01 00:57:54.000000,2026-01-01 01:02:15.000000,2,0.7,1,"N",151,238,1,6.5,1,0.5,2.3,0,1,13.8,2.5,0
2,2026-01-01 00:53:15.000000,2026-01-01 01:05:12.000000,2,1.38,1,"N",79,249,2,12.1,1,0.5,0,0,1,17.85,2.5,0
1,2026-01-01 00:19:53.000000,2026-01-01 00:26:30.000000,1,0.8,1,"N",79,79,1,7.9,4.25,0.5,2.7,0,1,16.35,2.5,0
1,2026-01-01 00:42:25.000000,2026-01-01 00:48:28.000000,2,0.8,1,"N",79,249,1,7.9,4.25,0.5,2.7,0,1,16.35,2.5,0
1,2026-01-01 00:50:02.000000,2026-01-01 01:01:03.000000,4,1.6,1,"N",249,234,1,11.4,4.25,0.5,5,0,1,22.15,2.5,0
2,2026-01-01 00:18:27.000000,2026-01-01 00:43:19.000000,1,2.57,1,"N",170,148,1,21.9,1,0.5,5.53,0,1,33.18,2.5,0
2,2026-01-01 00:50:34.000000,2026-01-01 01:00:52.000000,1,1.78,1,"N",148,137,1,11.4,1,0.5,2,0,1,19.15,2.5,0
2,2026-01-01 00:13:18.000000,2026-01-01 00:33:07.000000,2,2.42,1,"N",161,142,1,19.1,1,0.5,4.97,0,1,29.82,2.5,0
2,2026-01-01 00:35:13.000000,2026-01-01 01:02:57.000000,2,3.16,1,"N",142,186,1,24.7,1,0.5,6.09,0,1,36.54,2.5,0
2,2026-01-01 00:35:29.000000,2026-01-01 00:42:23.000000,1,1.37,1,"N",114,137,1,8.6,1,0.5,2.87,0,1,17.22,2.5,0
1,2026-01-01 00:27:28.000000,2026-01-01 00:35:38.000000,2,1.7,1,"N",229,262,3,10.7,4.25,0.5,0,0,1,16.45,2.5,0
1,2026-01-01 00:37:41.000000,2026-01-01 00:40:07.000000,2,0.2,1,"N",262,262,1,5.1,3.5,0.5,2,0,1,12.1,2.5,0
2,2026-01-01 00:16:04.000000,2026-01-01 00:22:07.000000,2,1.14,1,"N",24,238,1,8.6,1,0.5,2.72,0,1,16.32,2.5,0
2,2026-01-01 00:31:14.000000,2026-01-01 00:37:52.000000,3,1.39,1,"N",238,24,2,9.3,1,0.5,0,0,1,14.3,2.5,0
2,2026-01-01 00:59:39.000000,2026-01-01 01:05:38.000000,2,0.87,1,"N",151,238,1,7.9,1,0.5,2.58,0,1,15.48,2.5,0
2,2026-01-01 00:23:10.000000,2026-01-01 00:33:37.000000,2,2.66,1,"N",239,41,1,13.5,1,0.5,5.55,0,1,24.05,2.5,0
2,2026-01-01 00:37:33.000000,2026-01-01 00:46:43.000000,3,2.14,1,"N",41,236,1,12.1,1,0.5,2,0,1,19.1,2.5,0
2,2026-01-01 00:30:29.000000,2026-01-01 00:45:01.000000,1,2.44,1,"N",79,229,1,14.9,1,0.5,5.16,0,1,25.81,2.5,0
1,2026-01-01 00:39:39.000000,2026-01-01 01:06:47.000000,1,1.9,1,"N",246,162,2,21.9,4.25,0.5,0,0,1,27.65,2.5,0
1,2026-01-01 00:39:32.000000,2026-01-01 00:55:27.000000,1,1.1,1,"N",48,142,1,14.2,4.25,0.5,4,0,1,23.95,2.5,0
1,2026-01-01 00:58:27.000000,2026-01-01 01:17:46.000000,1,0.7,1,"N",142,48,1,16.3,4.25,0.5,0,0,1,22.05,2.5,0
2,2026-01-01 00:47:47.000000,2026-01-01 00:51:34.000000,1,0.6,1,"N",261,88,1,5.8,1,0.5,2.31,0,1,13.86,2.5,0
2,2026-01-01 00:21:24.000000,2026-01-01 00:41:26.000000,1,1.38,1,"N",107,170,1,17,1,0.5,4.55,0,1,27.3,2.5,0
2,2026-01-01 00:43:29.000000,2026-01-01 01:09:26.000000,1,1.92,1,"N",170,79,4,-22.6,-1,-0.5,0,0,-1,-28.35,-2.5,0
2,2026-01-01 00:43:29.000000,2026-01-01 01:09:26.000000,1,1.92,1,"N",170,79,4,22.6,1,0.5,0,0,1,28.35,2.5,0
1,2026-01-01 00:31:06.000000,2026-01-01 00:37:20.000000,1,0.7,1,"N",263,236,1,6.5,2.5,0.5,1.25,0,1,11.75,2.5,0
7,2026-01-01 00:22:40.000000,2026-01-01 00:22:40.000000,2,1.24,1,"N",140,236,1,8.6,0,0.5,2.72,0,1,16.32,2.5,0
7,2026-01-01 00:36:04.000000,2026-01-01 00:36:04.000000,4,2,1,"N",236,162,2,11.4,0,0.5,0,0,1,17.15,2.5,0
7,2026-01-01 00:51:23.000000,2026-01-01 00:51:23.000000,1,0.83,1,"N",229,233,2,6.5,0,0.5,0,0,1,12.25,2.5,0
2,2026-01-01 00:15:59.000000,2026-01-01 00:25:18.000000,1,2.41,1,"N",142,151,1,12.8,1,0.5,3.56,0,1,21.36,2.5,0
2,2026-01-01 00:06:47.000000,2026-01-01 00:12:01.000000,1,1.34,1,"N",233,107,1,7.9,1,0.5,2.05,0,1,15.7,2.5,0
2,2026-01-01 00:22:29.000000,2026-01-01 00:28:45.000000,1,1.25,1,"N",263,238,1,8.6,1,0.5,2.72,0,1,16.32,2.5,0
2,2026-01-01 00:30:50.000000,2026-01-01 00:38:55.000000,1,1.5,1,"N",238,236,1,10,1,0.5,3.75,0,1,18.75,2.5,0
2,2026-01-01 00:38:05.000000,2026-01-01 00:47:05.000000,2,1.17,1,"N",107,4,1,10,1,0.5,0,0,1,15.75,2.5,0
2,2026-01-01 00:47:42.000000,2026-01-01 01:11:37.000000,4,5,1,"N",4,141,1,26.8,1,0.5,4,0,1,36.55,2.5,0
2,2026-01-01 00:07:36.000000,2026-01-01 00:10:37.000000,2,0.71,1,"N",233,137,1,5.8,1,0.5,2.31,0,1,13.86,2.5,0
1,2026-01-01 00:24:52.000000,2026-01-01 00:37:20.000000,2,2.1,1,"N",186,79,1,13.5,4.25,0.5,3.85,0,1,23.1,2.5,0
1,2026-01-01 00:39:07.000000,2026-01-01 00:43:38.000000,1,0.5,1,"N",79,107,1,5.8,4.25,0.5,100,0,1,111.55,2.5,0
1,2026-01-01 00:46:57.000000,2026-01-01 00:55:46.000000,2,1.1,1,"N",107,170,1,9.3,4.25,0.5,2,0,1,17.05,2.5,0
2,2026-01-01 00:29:23.000000,2026-01-01 01:10:17.000000,1,3.84,1,"N",114,143,1,34.5,1,0.5,8.05,0,1,48.3,2.5,0
2,2026-01-01 00:29:09.000000,2026-01-01 00:48:52.000000,1,1.74,1,"N",234,162,1,17,1,0.5,4.55,0,1,27.3,2.5,0
2,2026-01-01 00:22:27.000000,2026-01-01 00:36:56.000000,2,1.66,1,"N",148,107,1,13.5,1,0.5,0,0,1,19.25,2.5,0
1,2026-01-01 00:05:14.000000,2026-01-01 00:55:39.000000,1,16.4,1,"N",161,64,2,69.5,4.25,0.5,0,0,1,75.25,2.5,0
1,2026-01-01 00:11:38.000000,2026-01-01 00:25:56.000000,1,2.6,1,"N",151,236,1,14.2,3.5,0.5,2,0,1,21.2,2.5,0
1,2026-01-01 00:27:29.000000,2026-01-01 00:34:33.000000,1,1.4,1,"N",236,239,2,8.6,3.5,0.5,0,0,1,13.6,2.5,0
1,2026-01-01 00:36:27.000000,2026-01-01 00:41:08.000000,1,0.6,1,"N",239,239,1,6.5,3.5,0.5,2.3,0,1,13.8,2.5,0
1,2026-01-01 00:43:23.000000,2026-01-01 01:02:00.000000,1,2.3,1,"N",239,140,1,16.3,3.5,0.5,4.25,0,1,25.55,2.5,0
2,2026-01-01 00:12:51.000000,2026-01-01 00:27:19.000000,1,2.34,1,"N",87,90,1,14.9,1,0.5,4.13,0,1,24.78,2.5,0
2,2026-01-01 00:35:22.000000,2026-01-01 00:50:43.000000,1,1.6,1,"N",249,170,1,14.2,1,0.5,3.99,0,1,23.94,2.5,0
1,2026-01-01 00:08:56.000000,2026-01-01 00:33:22.000000,2,4.5,1,"N",144,263,1,22.6,4.25,0.5,5.65,0,1,34,2.5,0
1,2026-01-01 00:18:47.000000,2026-01-01 00:36:17.000000,1,2.7,1,"N",142,68,1,16.3,4.25,0.5,4.4,0,1,26.45,2.5,0
1,2026-01-01 00:41:09.000000,2026-01-01 00:49:17.000000,1,1.4,1,"N",186,113,1,9.3,4.25,0.5,3,0,1,18.05,2.5,0
1,2026-01-01 00:52:31.000000,2026-01-01 01:10:58.000000,1,3.6,1,"N",113,33,1,19.1,4.25,0.5,4.95,0,1,29.8,2.5,0
1,2026-01-01 00:17:05.000000,2026-01-01 00:50:38.000000,1,11.1,1,"N",138,188,1,46.4,7.75,0.5,11.15,0,1,66.8,0,1.75
2,2026-01-01 00:24:24.000000,2026-01-01 00:43:32.000000,2,4.92,1,"N",262,90,1,26.1,1,0.5,6.37,0,1,38.22,2.5,0
2,2026-01-01 00:53:53.000000,2026-01-01 01:17:21.000000,2,3.11,1,"N",246,4,1,22.6,1,0.5,7.09,0,1,35.44,2.5,0
2,2026-01-01 00:15:39.000000,2026-01-01 00:30:05.000000,1,1.3,1,"N",68,107,1,13.5,1,0.5,5.78,0,1,25.03,2.5,0
2,2026-01-01 00:33:31.000000,2026-01-01 01:25:58.000000,2,4.69,1,"N",234,239,1,44.3,1,0.5,10.01,0,1,60.06,2.5,0
2,2026-01-01 00:39:04.000000,2026-01-01 00:49:24.000000,2,0.58,1,"N",186,137,1,10,1,0.5,4.72,0,1,20.47,2.5,0
2,2026-01-01 00:08:56.000000,2026-01-01 00:25:32.000000,1,1.85,1,"N",236,142,1,16.3,1,0.5,4.26,0,1,25.56,2.5,0
2,2026-01-01 00:28:24.000000,2026-01-01 00:46:59.000000,1,2.32,1,"N",142,233,1,17.7,1,0.5,5,0,1,28.45,2.5,0
2,2026-01-01 00:36:49.000000,2026-01-01 00:42:22.000000,1,0.97,1,"N",237,263,1,7.9,1,0.5,1.5,0,1,14.4,2.5,0
7,2026-01-01 00:48:27.000000,2026-01-01 00:48:27.000000,1,3.83,1,"N",68,141,1,27.5,0,0.5,6.65,0,1,39.9,2.5,0
2,2026-01-01 00:26:21.000000,2026-01-01 00:45:04.000000,2,5.57,1,"N",163,232,1,26.1,1,0.5,2.5,0,1,34.35,2.5,0
2,2026-01-01 00:17:58.000000,2026-01-01 00:26:49.000000,1,0.83,1,"N",144,148,1,9.3,1,0.5,0,0,1,15.05,2.5,0
2,2026-01-01 00:34:54.000000,2026-01-01 00:58:09.000000,1,3.49,1,"N",79,80,1,23.3,1,0.5,5.81,0,1,34.86,2.5,0
2,2026-01-01 00:48:53.000000,2026-01-01 01:09:58.000000,4,1.42,1,"N",246,48,1,18.4,1,0.5,0,0,1,24.15,2.5,0
2,2026-01-01 00:21:12.000000,2026-01-01 00:36:24.000000,2,1.59,1,"N",249,144,1,14.2,1,0.5,1,0,1,20.95,2.5,0
2,2026-01-01 00:05:18.000000,2026-01-01 00:16:17.000000,1,5.73,1,"N",137,231,1,23.3,1,0.5,5.81,0,1,34.86,2.5,0
2,2026-01-01 00:26:55.000000,2026-01-01 00:36:18.000000,1,1.03,1,"N",90,79,1,10,1,0.5,3.15,0,1,18.9,2.5,0
2,2026-01-01 00:37:59.000000,2026-01-01 00:56:23.000000,1,2.86,1,"N",107,237,1,17.7,1,0.5,5.86,0,1,29.31,2.5,0
2,2026-01-01 00:17:06.000000,2026-01-01 00:50:17.000000,2,2.25,1,"N",137,50,2,27.5,1,0.5,0,0,1,33.25,2.5,0
2,2026-01-01 00:35:00.000000,2026-01-01 01:23:07.000000,2,3.01,1,"N",164,142,1,38,1,0.5,6.56,0,1,50.31,2.5,0
2,2026-01-01 00:21:54.000000,2026-01-01 00:31:39.000000,1,1.95,1,"N",236,143,2,12.1,1,0.5,0,0,1,17.1,2.5,0
2,2026-01-01 00:33:44.000000,2026-01-01 00:43:52.000000,1,1.85,1,"N",143,237,1,12.1,1,0.5,4.28,0,1,21.38,2.5,0
2,2026-01-01 00:45:35.000000,2026-01-01 01:05:49.000000,1,2.42,1,"N",237,234,1,19.8,1,0.5,6.39,0,1,31.94,2.5,0
2,2026-01-01 00:11:24.000000,2026-01-01 00:25:19.000000,2,3.91,1,"N",79,263,1,18.4,1,0.5,4.83,0,1,28.98,2.5,0
2,2026-01-01 00:46:22.000000,2026-01-01 00:54:42.000000,2,1.79,1,"N",238,237,1,11.4,1,0.5,3.28,0,1,19.68,2.5,0
1,2026-01-01 00:29:43.000000,2026-01-01 00:41:39.000000,1,2.1,1,"N",142,262,1,12.1,3.5,0.5,4.3,0,1,21.4,2.5,0
1,2026-01-01 00:55:58.000000,2026-01-01 01:09:26.000000,1,2.1,1,"N",142,141,1,13.5,3.5,0.5,3,0,1,21.5,2.5,0
2,2026-01-01 00:05:45.000000,2026-01-01 00:11:38.000000,1,1.13,1,"N",239,236,1,7.9,1,0.5,2.58,0,1,15.48,2.5,0
2,2026-01-01 00:54:19.000000,2026-01-01 00:58:07.000000,1,0.57,1,"N",170,233,2,5.8,1,0.5,0,0,1,11.55,2.5,0
2,2026-01-01 00:24:47.000000,2026-01-01 00:33:16.000000,1,1.15,1,"N",237,262,2,9.3,1,0.5,0,0,1,14.3,2.5,0
2,2026-01-01 00:44:04.000000,2026-01-01 00:48:51.000000,2,0.71,1,"N",263,263,1,6.5,1,0.5,1,0,1,12.5,2.5,0
1,2026-01-01 00:52:32.000000,2026-01-01 01:00:39.000000,1,1.5,1,"N",79,231,1,8.6,4.25,0.5,2.85,0,1,17.2,2.5,0
1,2026-01-01 00:56:19.000000,2026-01-01 01:05:16.000000,3,0.6,1,"N",164,233,1,9.3,4.25,0.5,2,0,1,17.05,2.5,0
2,2026-01-01 00:32:48.000000,2026-01-01 00:58:37.000000,1,3.36,1,"N",263,50,1,24.7,1,0.5,6.09,0,1,36.54,2.5,0
2,2026-01-01 00:09:20.000000,2026-01-01 00:13:14.000000,5,0.59,1,"N",238,239,1,5.8,1,0.5,2.16,0,1,12.96,2.5,0
2,2026-01-01 00:29:26.000000,2026-01-01 00:38:40.000000,1,1.14,1,"N",50,246,1,10,1,0.5,3.15,0,1,18.9,2.5,0
2,2026-01-01 00:42:00.000000,2026-01-01 00:49:52.000000,1,1.09,1,"N",68,90,1,8.6,1,0.5,0,0,1,14.35,2.5,0
2,2026-01-01 00:51:13.000000,2026-01-01 00:59:10.000000,1,0.82,1,"N",90,249,1,8.6,1,0.5,2.87,0,1,17.22,2.5,0
2,2026-01-01 00:22:28.000000,2026-01-01 00:45:25.000000,1,3.6,1,"N",90,229,1,22.6,1,0.5,5.67,0,1,34.02,2.5,0
1,2026-01-01 00:16:17.000000,2026-01-01 00:49:34.000000,2,6.3,1,"N",161,261,1,35.9,4.25,0.5,8.3,0,1,49.95,2.5,0
1,2026-01-01 00:59:46.000000,2026-01-01 01:11:42.000000,1,3.2,1,"N",231,40,1,15.6,4.25,0.5,4.25,0,1,25.6,2.5,0
2,2026-01-01 00:24:39.000000,2026-01-01 01:05:27.000000,2,7.57,1,"N",50,40,1,42.2,1,0.5,0,0,1,47.95,2.5,0
2,2026-01-01 00:07:26.000000,2026-01-01 00:18:33.000000,2,1.51,1,"N",114,231,1,12.1,1,0.5,3.57,0,1,21.42,2.5,0
2,2026-01-01 00:19:54.000000,2026-01-01 00:39:04.000000,2,6.2,1,"N",231,43,1,28.2,1,0.5,6.79,0,1,40.74,2.5,0
2,2026-01-01 00:41:10.000000,2026-01-01 00:56:05.000000,3,1.67,1,"N",163,143,1,14.2,1,0.5,3,0,1,22.95,2.5,0
2,2026-01-01 00:58:17.000000,2026-01-01 01:11:35.000000,2,2.24,1,"N",143,236,1,14.2,1,0.5,4.8,0,1,24,2.5,0
2,2026-01-01 00:23:28.000000,2026-01-01 00:33:27.000000,1,0.72,1,"N",107,234,1,10,1,0.5,3.15,0,1,18.9,2.5,0
2,2026-01-01 00:11:01.000000,2026-01-01 00:48:49.000000,2,2.96,1,"N",68,142,1,32.4,1,0.5,7.63,0,1,45.78,2.5,0
2,2026-01-01 00:52:09.000000,2026-01-01 01:11:42.000000,1,3.97,1,"N",142,224,2,22.6,1,0.5,0,0,1,28.35,2.5,0
2,2026-01-01 00:19:22.000000,2026-01-01 00:37:55.000000,1,1.88,1,"N",158,164,1,16.3,1,0.5,5,0,1,27.05,2.5,0
2,2026-01-01 00:44:55.000000,2026-01-01 01:08:48.000000,1,3.84,1,"N",234,140,1,22.6,1,0.5,5.67,0,1,34.02,2.5,0
1,2026-01-01 00:11:22.000000,2026-01-01 00:34:04.000000,1,0,1,"N",43,170,1,18.4,4.25,0.5,0,0,1,24.15,2.5,0
1,2026-01-01 00:54:54.000000,2026-01-01 01:09:08.000000,1,0,1,"N",161,137,1,12.8,4.25,0.5,4.6,0,1,23.15,2.5,0
2,2026-01-01 00:06:52.000000,2026-01-01 00:18:40.000000,2,2.45,1,"N",140,238,1,14.9,1,0.5,3.98,0,1,23.88,2.5,0
2,2026-01-01 00:59:52.000000,2026-01-01 01:13:17.000000,2,2.86,1,"N",263,42,1,14.9,1,0.5,3.98,0,1,23.88,2.5,0
2,2026-01-01 00:23:59.000000,2026-01-01 00:58:10.000000,1,19.23,2,"N",132,87,1,70,0,0.5,2,0,1,78.5,2.5,1.75
2,2026-01-01 00:17:54.000000,2026-01-01 00:29:58.000000,5,1.17,1,"N",107,170,1,12.1,1,0.5,3,0,1,20.85,2.5,0
2,2026-01-01 00:48:18.000000,2026-01-01 00:54:29.000000,5,1.01,1,"N",114,107,1,7.9,1,0.5,4.1,0,1,17.75,2.5,0
2,2026-01-01 00:15:31.000000,2026-01-01 00:22:35.000000,1,1.15,1,"N",48,142,2,8.6,1,0.5,0,0,1,14.35,2.5,0
2,2026-01-01 00:28:17.000000,2026-01-01 00:37:49.000000,1,1.59,1,"N",43,141,1,10.7,1,0.5,3.92,0,1,19.62,2.5,0
2,2026-01-01 00:42:46.000000,2026-01-01 00:49:56.000000,1,1.31,1,"N",237,229,1,9.3,1,0.5,3.01,0,1,18.06,2.5,0
2,2026-01-01 00:52:56.000000,2026-01-01 01:13:04.000000,1,4.59,1,"N",262,202,1,23.3,1,0.5,5.81,0,1,34.86,2.5,0
2,2026-01-01 00:35:15.000000,2026-01-01 00:41:41.000000,1,1.81,1,"N",237,236,1,10,1,0.5,5,0,1,20.75,2.5,0
1,2026-01-01 00:19:53.000000,2026-01-01 00:42:16.000000,1,2.6,1,"N",249,88,2,19.1,4.25,0.5,0,0,1,24.85,2.5,0
1,2026-01-01 00:43:29.000000,2026-01-01 00:57:10.000000,1,1.8,1,"N",88,232,1,12.8,4.25,0.5,5.55,0,1,24.1,2.5,0
2,2026-01-01 00:39:10.000000,2026-01-01 01:17:35.000000,1,7.06,1,"N",114,74,1,39.4,1,0.5,11.29,0,1,56.44,2.5,0
2,2026-01-01 00:37:14.000000,2026-01-01 00:46:16.000000,1,1.82,1,"N",237,263,1,10,1,0.5,3.15,0,1,18.9,2.5,0
2,2026-01-01 00:51:42.000000,2026-01-01 00:59:26.000000,1,1.41,1,"N",236,238,1,10,1,0.5,3,0,1,18,2.5,0
2,2026-01-01 00:28:49.000000,2026-01-01 00:32:41.000000,1,0.15,1,"N",249,249,1,5.1,1,0.5,2.17,0,1,13.02,2.5,0
2,2026-01-01 00:34:48.000000,2026-01-01 00:43:11.000000,1,1.1,1,"N",114,79,1,9.3,1,0.5,3.01,0,1,18.06,2.5,0
2,2026-01-01 00:46:53.000000,2026-01-01 01:05:28.000000,1,4.14,1,"N",79,238,1,20.5,1,0.5,3,0,1,29.25,2.5,0
2,2026-01-01 00:09:08.000000,2026-01-01 00:14:58.000000,1,1.49,1,"N",79,170,1,8.6,1,0.5,0,0,1,14.35,2.5,0
2,2026-01-01 00:22:43.000000,2026-01-01 00:35:08.000000,1,1.4,1,"N",233,107,1,12.1,1,0.5,3.57,0,1,21.42,2.5,0
1,2026-01-01 00:13:17.000000,2026-01-01 00:24:39.000000,1,3.6,1,"N",137,145,1,16.3,4.25,0.5,5.5,0,1,27.55,2.5,0
2,2026-01-01 00:28:56.000000,2026-01-01 00:32:42.000000,1,0.64,1,"N",263,262,1,5.8,1,0.5,2.7,0,1,13.5,2.5,0
2,2026-01-01 00:40:20.000000,2026-01-01 00:49:37.000000,1,1.72,1,"N",263,229,1,11.4,1,0.5,3.43,0,1,20.58,2.5,0
1,2026-01-01 00:48:00.000000,2026-01-01 01:09:48.000000,1,3.3,1,"N",263,50,2,19.8,4.25,0.5,0,0,1,25.55,2.5,0
1,2026-01-01 00:33:40.000000,2026-01-01 00:39:20.000000,1,0.4,5,"N",249,249,1,100,0.75,0,25.45,0,1,127.2,0,0
1,2026-01-01 00:43:40.000000,2026-01-01 00:54:28.000000,1,1.8,1,"N",125,164,1,12.1,4.25,0.5,3.55,0,1,21.4,2.5,0
2,2026-01-01 00:33:24.000000,2026-01-01 01:13:21.000000,2,3.23,1,"N",161,211,1,33.8,1,0.5,5.93,0,1,45.48,2.5,0
2,2026-01-01 00:31:35.000000,2026-01-01 00:52:46.000000,1,2.29,1,"N",186,141,1,19.1,1,0.5,4.97,0,1,29.82,2.5,0
2,2026-01-01 00:58:03.000000,2026-01-01 01:19:37.000000,1,2,1,"N",162,50,1,18.4,1,0.5,4.83,0,1,28.98,2.5,0
2,2026-01-01 00:32:10.000000,2026-01-01 00:32:14.000000,4,0,5,"N",162,162,1,50,0,0,0,0,1,54.25,2.5,0
2,2026-01-01 00:42:33.000000,2026-01-01 00:45:56.000000,1,0.61,1,"N",237,237,1,5.8,1,0.5,2.16,0,1,12.96,2.5,0
2,2026-01-01 00:49:43.000000,2026-01-01 00:53:09.000000,1,0.58,1,"N",237,141,1,5.8,1,0.5,2.16,0,1,12.96,2.5,0
2,2026-01-01 00:56:57.000000,2026-01-01 01:19:17.000000,1,4.9,1,"N",237,166,1,24.7,1,0.5,8.91,0,1,38.61,2.5,0
2,2026-01-01 00:25:42.000000,2026-01-01 00:33:34.000000,2,1.19,1,"N",236,140,1,9.3,1,0.5,1.43,0,1,15.73,2.5,0
2,2026-01-01 00:34:58.000000,2026-01-01 00:54:42.000000,2,4.12,1,"N",140,114,1,22.6,1,0.5,5.67,0,1,34.02,2.5,0
2,2026-01-01 00:55:55.000000,2026-01-01 01:26:14.000000,2,4.31,1,"N",114,140,2,27.5,1,0.5,0,0,1,33.25,2.5,0
2,2026-01-01 00:19:43.000000,2026-01-01 00:33:25.000000,1,5.75,1,"N",170,261,1,24.7,1,0.5,6.09,0,1,36.54,2.5,0
2,2026-01-01 00:37:39.000000,2026-01-01 00:38:17.000000,1,0.02,1,"N",261,261,4,-3,-1,-0.5,0,0,-1,-8.75,-2.5,0
2,2026-01-01 00:37:39.000000,2026-01-01 00:38:17.000000,1,0.02,1,"N",261,261,4,3,1,0.5,0,0,1,8.75,2.5,0
2,2026-01-01 00:44:27.000000,2026-01-01 01:05:38.000000,4,3.54,1,"N",261,68,1,21.9,1,0.5,0,0,1,27.65,2.5,0
2,2026-01-01 00:10:16.000000,2026-01-01 00:14:26.000000,1,0.84,1,"N",249,68,2,6.5,1,0.5,0,0,1,12.25,2.5,0
2,2026-01-01 00:51:26.000000,2026-01-01 01:10:31.000000,1,1.76,1,"N",249,186,2,17,1,0.5,0,0,1,22.75,2.5,0
2,2026-01-01 00:32:51.000000,2026-01-01 00:39:39.000000,1,1.41,1,"N",141,75,1,8.6,1,0.5,1,0,1,14.6,2.5,0
2,2026-01-01 00:16:40.000000,2026-01-01 00:30:48.000000,2,6.73,1,"N",141,87,1,28.2,1,0.5,6.79,0,1,40.74,2.5,0
2,2026-01-01 00:34:09.000000,2026-01-01 00:42:37.000000,1,2.71,1,"N",87,232,1,14.2,1,0.5,4.99,0,1,24.94,2.5,0
2,2026-01-01 00:30:13.000000,2026-01-01 00:43:39.000000,2,1.43,1,"N",114,170,1,13.5,1,0.5,1.05,0,1,20.3,2.5,0
2,2026-01-01 00:59:29.000000,2026-01-01 01:08:34.000000,1,1.38,1,"N",162,141,1,10,1,0.5,2,0,1,17.75,2.5,0
2,2026-01-01 00:06:10.000000,2026-01-01 00:17:08.000000,1,2.26,1,"N",161,236,1,14.2,1,0.5,3.99,0,1,23.94,2.5,0
2,2026-01-01 00:34:09.000000,2026-01-01 00:41:51.000000,1,1.04,1,"N",143,143,1,9.3,1,0.5,2,0,1,16.3,2.5,0
2,2026-01-01 00:27:24.000000,2026-01-01 00:56:06.000000,4,2.78,1,"N",79,66,1,26.8,1,0.5,8.14,0,1,40.69,2.5,0
2,2026-01-01 00:48:14.000000,2026-01-01 00:53:06.000000,1,0.69,1,"N",234,164,1,6.5,1,0.5,3.06,0,1,15.31,2.5,0
7,2026-01-01 00:45:00.000000,2026-01-01 00:45:00.000000,1,5.38,1,"N",239,168,2,27.5,0,0.5,0,0,1,32.5,2.5,0
2,2026-01-01 00:07:24.000000,2026-01-01 00:15:20.000000,1,1.24,1,"N",4,107,1,10,1,0.5,3.15,0,1,18.9,2.5,0
2,2026-01-01 00:44:29.000000,2026-01-01 01:03:31.000000,2,1.13,1,"N",229,161,2,16.3,1,0.5,0,0,1,22.05,2.5,0
2,2026-01-01 00:02:35.000000,2026-01-01 00:10:46.000000,1,1.5,1,"N",234,170,1,10,1,0.5,3.15,0,1,18.9,2.5,0
2,2026-01-01 00:15:06.000000,2026-01-01 00:26:19.000000,2,1.71,1,"N",137,229,1,12.1,1,0.5,3.57,0,1,21.42,2.5,0
1,2026-01-01 00:13:35.000000,2026-01-01 00:22:51.000000,1,1.6,1,"N",158,186,1,10,4.25,0.5,3.15,0,1,18.9,2.5,0
1,2026-01-01 00:26:54.000000,2026-01-01 00:40:34.000000,1,1.2,1,"N",164,68,1,12.1,4.25,0.5,1,0,1,18.85,2.5,0
1,2026-01-01 00:45:13.000000,2026-01-01 00:56:50.000000,1,2.4,1,"N",158,261,1,12.8,4.25,0.5,3.7,0,1,22.25,2.5,0
2,2026-01-01 00:53:23.000000,2026-01-01 01:00:06.000000,4,0.38,1,"N",229,233,1,7.2,1,0.5,2,0,1,14.95,2.5,0
2,2026-01-01 00:05:24.000000,2026-01-01 00:09:42.000000,1,1.43,1,"N",239,24,1,7.9,1,0.5,3,0,1,15.9,2.5,0
2,2026-01-01 00:20:28.000000,2026-01-01 00:23:46.000000,2,1.27,1,"N",239,151,1,7.2,1,0.5,2.44,0,1,14.64,2.5,0
1,2026-01-01 00:09:05.000000,2026-01-01 00:26:38.000000,2,1.9,1,"N",163,170,1,14.2,4.25,0.5,4.95,0,1,24.9,2.5,0
1,2026-01-01 00:39:37.000000,2026-01-01 01:11:45.000000,2,5.4,1,"N",114,239,1,28.9,4.25,0.5,8.65,0,1,43.3,2.5,0
2,2026-01-01 00:33:09.000000,2026-01-01 01:07:26.000000,2,19.39,2,"N",132,79,1,70,0,0.5,14.95,0,1,91.45,2.5,1.75
2,2026-01-01 00:25:45.000000,2026-01-01 00:29:19.000000,1,0.67,1,"N",41,41,2,5.8,1,0.5,0,0,1,8.3,0,0
2,2026-01-01 00:31:19.000000,2026-01-01 00:34:29.000000,1,0.75,1,"N",41,238,2,6.5,1,0.5,0,0,1,9,0,0
2,2026-01-01 00:35:59.000000,2026-01-01 00:50:16.000000,1,3.17,1,"N",238,140,1,17,1,0.5,4.4,0,1,26.4,2.5,0
2,2026-01-01 00:10:03.000000,2026-01-01 00:18:28.000000,2,1.64,1,"N",141,233,1,10,1,0.5,2.36,0,1,18.11,2.5,0
2,2026-01-01 00:46:16.000000,2026-01-01 01:09:41.000000,1,3.98,1,"N",148,237,1,23.3,1,0.5,7.26,0,1,36.31,2.5,0
1,2026-01-01 00:17:47.000000,2026-01-01 00:22:22.000000,1,0.8,1,"N",236,263,1,6.5,3.5,0.5,3.45,0,1,14.95,2.5,0
1,2026-01-01 00:24:26.000000,2026-01-01 00:30:09.000000,1,0.8,1,"N",141,237,4,6.5,3.5,0.5,0,0,1,11.5,2.5,0
2,2026-01-01 00:36:30.000000,2026-01-01 00:44:46.000000,2,1.28,1,"N",148,107,1,10,1,0.5,3.15,0,1,18.9,2.5,0
2,2026-01-01 00:31:18.000000,2026-01-01 00:50:00.000000,4,11.49,5,"N",48,265,1,135,0,0,0,14.06,1,150.81,0,0
7,2026-01-01 00:51:33.000000,2026-01-01 00:51:33.000000,2,1.22,1,"N",246,249,1,10,0,0.5,3.15,0,1,18.9,2.5,0
1,2026-01-01 00:34:19.000000,2026-01-01 00:39:58.000000,1,0.9,1,"N",237,141,1,7.2,3.5,0.5,2.45,0,1,14.65,2.5,0
1,2026-01-01 00:58:52.000000,2026-01-01 01:03:16.000000,1,1,1,"N",239,24,1,7.2,3.5,0.5,2.45,0,1,14.65,2.5,0
2,2026-01-01 00:22:50.000000,2026-01-01 00:46:24.000000,1,2.25,1,"N",114,170,1,20.5,1,0.5,5.25,0,1,31.5,2.5,0
2,2026-01-01 00:21:49.000000,2026-01-01 00:37:13.000000,2,3.04,1,"N",143,263,1,17.7,1,0.5,4.69,0,1,28.14,2.5,0
2,2026-01-01 00:38:25.000000,2026-01-01 00:41:23.000000,1,0.59,1,"N",263,75,1,5.1,1,0.5,2,0,1,12.1,2.5,0
2,2026-01-01 00:05:57.000000,2026-01-01 00:17:05.000000,1,1.52,1,"N",68,158,1,12.1,1,0.5,4.46,0,1,22.31,2.5,0
2,2026-01-01 00:27:18.000000,2026-01-01 00:52:05.000000,1,7.24,1,"N",125,262,1,33.8,1,0.5,7.91,0,1,47.46,2.5,0
2,2026-01-01 00:13:54.000000,2026-01-01 00:22:28.000000,1,2.04,1,"N",107,232,1,12.8,1,0.5,3.71,0,1,22.26,2.5,0
2,2026-01-01 00:19:30.000000,2026-01-01 00:26:42.000000,4,0.85,1,"N",249,79,1,7.9,1,0.5,0.15,0,1,13.8,2.5,0
2,2026-01-01 00:36:34.000000,2026-01-01 00:44:06.000000,2,1.08,1,"N",107,234,1,8.6,1,0.5,2.87,0,1,17.22,2.5,0
1,2026-01-01 00:15:27.000000,2026-01-01 00:20:16.000000,1,1.2,1,"N",236,238,1,7.2,3.5,0.5,3.05,0,1,15.25,2.5,0
1,2026-01-01 00:25:59.000000,2026-01-01 00:33:55.000000,1,1.4,1,"N",239,143,1,9.3,3.5,0.5,2.85,0,1,17.15,2.5,0
1,2026-01-01 00:39:17.000000,2026-01-01 00:44:52.000000,1,1.3,1,"N",142,238,1,7.9,3.5,0.5,2.6,0,1,15.5,2.5,0
1,2026-01-01 00:46:58.000000,2026-01-01 00:52:47.000000,1,1,1,"N",238,239,1,7.2,3.5,0.5,2.45,0,1,14.65,2.5,0
1,2026-01-01 00:54:30.000000,2026-01-01 01:01:34.000000,1,1.6,1,"N",239,166,1,9.3,3.5,0.5,4.3,0,1,18.6,2.5,0
1,2026-01-01 00:24:33.000000,2026-01-01 00:35:42.000000,4,1,1,"N",161,170,1,10.7,4.25,0.5,3.25,0,1,19.7,2.5,0
1,2026-01-01 00:43:27.000000,2026-01-01 01:11:44.000000,1,7.6,1,"N",233,189,1,36.6,4.25,0.5,10,0,1,52.35,2.5,0
1,2026-01-01 00:51:24.000000,2026-01-01 00:57:55.000000,1,0.9,1,"N",107,137,1,7.9,4.25,0.5,2.7,0,1,16.35,2.5,0
2,2026-01-01 00:46:38.000000,2026-01-01 00:57:18.000000,3,0.94,1,"N",107,233,1,10.7,1,0.5,0,0,1,16.45,2.5,0
2,2026-01-01 00:08:00.000000,2026-01-01 00:27:45.000000,4,4.61,1,"N",125,142,1,24,1,0.5,20,0,1,49.75,2.5,0
2,2026-01-01 00:30:53.000000,2026-01-01 00:44:04.000000,2,2.14,1,"N",142,246,2,14.2,1,0.5,0,0,1,19.95,2.5,0
2,2026-01-01 00:53:49.000000,2026-01-01 01:21:28.000000,3,4.57,1,"N",246,12,1,28.2,1,0.5,6.79,0,1,40.74,2.5,0
2,2026-01-01 00:01:24.000000,2026-01-01 00:02:02.000000,1,0.03,1,"N",162,162,4,-3,-1,-0.5,0,0,-1,-8.75,-2.5,0
2,2026-01-01 00:01:24.000000,2026-01-01 00:02:02.000000,1,0.03,1,"N",162,162,4,3,1,0.5,0,0,1,8.75,2.5,0
2,2026-01-01 00:40:12.000000,2026-01-01 01:13:42.000000,1,3.87,1,"N",90,140,1,28.9,1,0.5,6.93,0,1,41.58,2.5,0
1,2026-01-01 00:14:50.000000,2026-01-01 00:23:49.000000,1,2,1,"N",162,262,1,10,4.25,0.5,4.75,0,1,20.5,2.5,0
1,2026-01-01 00:25:20.000000,2026-01-01 00:34:56.000000,1,1.7,1,"N",263,236,1,10.7,3.5,0.5,3.95,0,1,19.65,2.5,0
1,2026-01-01 00:44:41.000000,2026-01-01 00:55:31.000000,1,1.9,1,"N",43,238,1,12.1,3.5,0.5,3.4,0,1,20.5,2.5,0
2,2026-01-01 00:34:02.000000,2026-01-01 00:39:10.000000,1,0.65,1,"N",162,162,1,6.5,1,0.5,5,0,1,17.25,2.5,0
1,2026-01-01 00:10:29.000000,2026-01-01 00:31:56.000000,1,2.9,1,"N",163,262,1,19.1,4.25,0.5,4.95,0,1,29.8,2.5,0
1,2026-01-01 00:38:45.000000,2026-01-01 00:52:04.000000,1,2.6,1,"N",263,142,1,14.2,4.25,0.5,5,0,1,24.95,2.5,0
1,2026-01-01 00:55:44.000000,2026-01-01 01:02:05.000000,1,0.5,1,"N",143,43,2,7.2,4.25,0.5,0,0,1,12.95,2.5,0
2,2026-01-01 00:14:31.000000,2026-01-01 00:20:45.000000,3,1.11,1,"N",13,13,1,7.9,1,0.5,4.09,0,1,17.74,2.5,0
2,2026-01-01 00:45:24.000000,2026-01-01 00:53:25.000000,1,2.06,1,"N",261,249,1,11.4,1,0.5,2.85,0,1,20,2.5,0
2,2026-01-01 00:54:41.000000,2026-01-01 01:45:02.000000,1,5.02,1,"N",249,140,1,43.6,1,0.5,9.87,0,1,59.22,2.5,0
2,2026-01-01 00:11:40.000000,2026-01-01 00:29:16.000000,2,6.7,1,"N",261,162,1,28.9,1,0.5,2,0,1,36.65,2.5,0
2,2026-01-01 00:35:49.000000,2026-01-01 00:44:55.000000,1,1.55,1,"N",170,237,1,10.7,1,0.5,3.29,0,1,19.74,2.5,0
2,2026-01-01 00:48:58.000000,2026-01-01 00:54:49.000000,2,1.5,1,"N",237,43,1,8.6,1,0.5,2.72,0,1,16.32,2.5,0
2,2026-01-01 00:56:47.000000,2026-01-01 01:07:28.000000,2,1.73,1,"N",43,162,1,12.8,1,0.5,0.2,0,1,18.75,2.5,0
2,2026-01-01 00:23:35.000000,2026-01-01 00:29:50.000000,1,1.18,1,"N",166,238,1,8.6,1,0.5,0,0,1,11.1,0,0
2,2026-01-01 00:31:42.000000,2026-01-01 00:42:51.000000,1,1.53,1,"N",238,236,1,12.1,1,0.5,2.56,0,1,19.66,2.5,0
2,2026-01-01 00:45:50.000000,2026-01-01 00:55:12.000000,1,1.88,1,"N",236,143,2,11.4,1,0.5,0,0,1,16.4,2.5,0
2,2026-01-01 00:22:20.000000,2026-01-01 00:30:40.000000,3,0.9,1,"N",209,231,1,9.3,1,0.5,2,0,1,17.05,2.5,0
2,2026-01-01 00:33:25.000000,2026-01-01 00:42:23.000000,1,1.69,1,"N",231,90,1,10.7,1,0.5,4.93,0,1,21.38,2.5,0
2,2026-01-01 00:47:52.000000,2026-01-01 00:59:28.000000,2,1.03,1,"N",249,144,1,11.4,1,0.5,1.72,0,1,18.87,2.5,0
2,2026-01-01 00:30:00.000000,2026-01-01 00:40:24.000000,2,1.32,1,"N",161,237,2,11.4,1,0.5,0,0,1,17.15,2.5,0
2,2026-01-01 00:05:35.000000,2026-01-01 00:21:39.000000,1,2.44,1,"N",87,249,1,16.3,1,0.5,4.41,0,1,26.46,2.5,0
2,2026-01-01 00:24:20.000000,2026-01-01 00:32:53.000000,1,1.09,1,"N",249,114,1,9.3,1,0.5,3.01,0,1,18.06,2.5,0
2,2026-01-01 00:53:20.000000,2026-01-01 01:04:24.000000,1,1.09,1,"N",162,163,1,11.4,1,0.5,0,0,1,17.15,2.5,0
2,2026-01-01 00:18:45.000000,2026-01-01 00:54:11.000000,1,12.76,1,"N",163,81,1,52.7,1,0.5,0,0,1,58.45,2.5,0
2,2026-01-01 00:39:18.000000,2026-01-01 00:49:28.000000,4,1.92,1,"N",43,238,2,12.8,1,0.5,0,0,1,17.8,2.5,0
2,2026-01-01 00:14:38.000000,2026-01-01 00:25:11.000000,1,1.85,1,"N",161,141,1,12.8,1,0.5,1,0,1,19.55,2.5,0
2,2026-01-01 00:26:55.000000,2026-01-01 00:31:47.000000,1,0.97,1,"N",140,141,1,7.2,1,0.5,3.66,0,1,15.86,2.5,0
2,2026-01-01 00:33:51.000000,2026-01-01 00:37:32.000000,1,0.73,1,"N",141,140,1,5.8,1,0.5,2.16,0,1,12.96,2.5,0
2,2026-01-01 01:00:59.000000,2026-01-01 01:29:18.000000,1,3.29,1,"N",142,137,1,26.1,1,0.5,6.37,0,1,38.22,2.5,0
2,2026-01-01 00:06:44.000000,2026-01-01 00:13:21.000000,1,1.25,1,"N",234,158,1,8.6,1,0.5,2.87,0,1,17.22,2.5,0
2,2026-01-01 00:15:35.000000,2026-01-01 00:25:27.000000,1,1.21,1,"N",158,79,1,10.7,1,0.5,3.29,0,1,19.74,2.5,0
2,2026-01-01 00:47:05.000000,2026-01-01 01:03:29.000000,2,2.12,1,"N",4,231,1,15.6,1,0.5,4.27,0,1,25.62,2.5,0
2,2026-01-01 00:56:46.000000,2026-01-01 01:02:03.000000,1,0.86,1,"N",237,229,1,7.2,1,0.5,2.59,0,1,15.54,2.5,0
2,2026-01-01 00:39:21.000000,2026-01-01 00:45:14.000000,1,1.03,1,"N",166,238,1,7.9,1,0.5,1.94,0,1,14.84,2.5,0
1,2026-01-01 00:02:21.000000,2026-01-01 00:12:05.000000,1,2.2,1,"N",164,125,2,12.8,4.25,0.5,0,0,1,18.55,2.5,0
1,2026-01-01 00:18:48.000000,2026-01-01 00:58:19.000000,2,3.1,1,"N",249,163,1,32.4,4.25,0.5,3.05,0,1,41.2,2.5,0
2,2026-01-01 00:34:06.000000,2026-01-01 00:43:51.000000,1,0.95,1,"N",234,233,1,10,1,0.5,2.5,0,1,18.25,2.5,0
2,2026-01-01 00:52:52.000000,2026-01-01 01:07:00.000000,1,2.39,1,"N",161,262,1,15.6,1,0.5,4.27,0,1,25.62,2.5,0
2,2026-01-01 00:49:22.000000,2026-01-01 00:57:08.000000,1,0.94,1,"N",249,79,1,8.6,1,0.5,3.59,0,1,17.94,2.5,0
2,2026-01-01 00:58:31.000000,2026-01-01 02:09:31.000000,1,18.69,1,"N",79,256,1,85.6,1,0.5,10,0,1,101.35,2.5,0
2,2026-01-01 00:07:12.000000,2026-01-01 00:16:08.000000,1,2.61,1,"N",141,107,1,12.8,1,0.5,2,0,1,20.55,2.5,0
2,2026-01-01 00:36:58.000000,2026-01-01 00:55:16.000000,2,3.96,1,"N",164,45,1,22.6,1,0.5,5.67,0,1,34.02,2.5,0
2,2026-01-01 00:44:54.000000,2026-01-01 00:54:40.000000,1,1.51,1,"N",237,263,1,11.4,1,0.5,3.28,0,1,19.68,2.5,0
2,2026-01-01 00:48:12.000000,2026-01-01 00:57:14.000000,1,1.73,1,"N",161,140,1,10,1,0.5,3.15,0,1,18.9,2.5,0
2,2026-01-01 00:15:29.000000,2026-01-01 00:24:29.000000,2,2.43,1,"N",143,41,1,12.8,1,0.5,0.89,0,1,18.69,2.5,0
2,2026-01-01 00:30:39.000000,2026-01-01 00:49:26.000000,2,2.8,1,"N",151,140,2,19.8,1,0.5,0,0,1,24.8,2.5,0
2,2026-01-01 00:55:30.000000,2026-01-01 01:18:03.000000,2,3.54,1,"N",263,107,1,21.9,1,0.5,5.53,0,1,33.18,2.5,0
1,2026-01-01 00:34:47.000000,2026-01-01 00:55:30.000000,2,2.6,1,"N",79,229,1,19.1,4.25,0.5,4.97,0,1,29.82,2.5,0
2,2026-01-01 00:12:54.000000,2026-01-01 00:34:05.000000,1,1.72,1,"N",90,48,1,19.1,1,0.5,6.21,0,1,31.06,2.5,0
2,2026-01-01 00:44:38.000000,2026-01-01 00:46:21.000000,1,0.51,1,"N",48,143,1,4.4,1,0.5,1,0,1,11.15,2.5,0
2,2026-01-01 00:49:04.000000,2026-01-01 00:57:05.000000,1,2.01,1,"N",41,238,2,11.4,1,0.5,0,0,1,16.4,2.5,0
1,2026-01-01 00:04:20.000000,2026-01-01 00:11:05.000000,1,0.9,1,"N",137,170,1,8.6,4.25,0.5,4.3,0,1,18.65,2.5,0
1,2026-01-01 00:31:26.000000,2026-01-01 00:35:40.000000,2,1,1,"N",237,141,1,7.2,3.5,0.5,2.4,0,1,14.6,2.5,0
1,2026-01-01 00:24:43.000000,2026-01-01 00:57:55.000000,4,4.1,1,"N",186,263,1,27.5,4.25,0.5,6.65,0,1,39.9,2.5,0
1,2026-01-01 00:11:51.000000,2026-01-01 00:38:09.000000,1,3,1,"N",234,141,1,21.9,4.25,0.5,5.55,0,1,33.2,2.5,0
1,2026-01-01 00:39:57.000000,2026-01-01 00:43:38.000000,1,0.6,1,"N",141,237,1,5.1,3.5,0.5,2,0,1,12.1,2.5,0
2,2026-01-01 00:16:10.000000,2026-01-01 00:33:26.000000,1,2.66,1,"N",125,33,1,18.4,1,0.5,7.25,0,1,31.4,2.5,0
2,2026-01-01 00:55:25.000000,2026-01-01 00:57:44.000000,2,0.54,1,"N",246,246,1,5.1,1,0.5,2.17,0,1,13.02,2.5,0
2,2026-01-01 00:25:33.000000,2026-01-01 00:52:36.000000,1,3.03,1,"N",170,143,1,24,1,0.5,5.36,0,1,35.11,2.5,0
2,2026-01-01 00:45:43.000000,2026-01-01 00:51:20.000000,3,1.43,1,"N",238,24,1,8.6,1,0.5,1.5,0,1,15.1,2.5,0
2,2026-01-01 00:59:05.000000,2026-01-01 01:25:54.000000,2,1.39,1,"N",186,162,1,21.9,1,0.5,5.53,0,1,33.18,2.5,0
2,2026-01-01 00:19:54.000000,2026-01-01 00:26:29.000000,1,1.4,1,"N",79,137,2,8.6,1,0.5,0,0,1,14.35,2.5,0
2,2026-01-01 00:54:47.000000,2026-01-01 01:04:08.000000,1,1.89,1,"N",237,262,1,11.4,1,0.5,4.92,0,1,21.32,2.5,0
2,2026-01-01 00:38:22.000000,2026-01-01 00:46:33.000000,1,2.56,1,"N",132,10,1,12.8,1,0.5,3.06,0,1,20.11,0,1.75
2,2026-01-01 00:27:51.000000,2026-01-01 00:30:57.000000,3,0.42,1,"N",170,233,1,5.1,1,0.5,2.17,0,1,13.02,2.5,0
1,2026-01-01 00:24:50.000000,2026-01-01 00:49:29.000000,4,3.1,1,"N",234,141,1,21.2,4.25,0.5,2.69,0,1,29.64,2.5,0
1,2026-01-01 00:54:35.000000,2026-01-01 00:58:29.000000,2,0.7,1,"N",237,236,1,6.5,3.5,0.5,2.3,0,1,13.8,2.5,0
2,2026-01-01 00:18:10.000000,2026-01-01 00:28:46.000000,4,1.73,1,"N",68,114,1,11.4,1,0.5,3.43,0,1,20.58,2.5,0
2,2026-01-01 00:29:57.000000,2026-01-01 00:40:50.000000,1,1.2,1,"N",114,231,1,11.4,1,0.5,3.43,0,1,20.58,2.5,0
2,2026-01-01 00:44:12.000000,2026-01-01 00:49:42.000000,2,0.84,1,"N",125,114,1,7.2,1,0.5,2.59,0,1,15.54,2.5,0
2,2026-01-01 00:50:21.000000,2026-01-01 01:06:43.000000,2,2.07,1,"N",114,137,1,15.6,1,0.5,4.27,0,1,25.62,2.5,0
2,2026-01-01 00:28:22.000000,2026-01-01 00:34:22.000000,1,1.2,1,"N",237,263,1,7.9,1,0.5,2,0,1,14.9,2.5,0
2,2026-01-01 00:36:46.000000,2026-01-01 00:50:40.000000,2,2.46,1,"N",263,41,1,15.6,1,0.5,1,0,1,21.6,2.5,0
1,2026-01-01 00:24:12.000000,2026-01-01 00:43:10.000000,1,2.5,1,"N",163,141,2,19.1,4.25,0.5,0,0,1,24.85,2.5,0
1,2026-01-01 00:57:08.000000,2026-01-01 01:07:09.000000,3,1.2,1,"N",229,170,1,10.7,4.25,0.5,2.47,0,1,18.92,2.5,0
2,2026-01-01 00:28:51.000000,2026-01-01 00:36:09.000000,1,1.02,1,"N",148,79,1,8.6,1,0.5,2.87,0,1,17.22,2.5,0
2,2026-01-01 00:39:29.000000,2026-01-01 00:47:36.000000,1,1.26,1,"N",79,170,1,9.3,1,0.5,3.01,0,1,18.06,2.5,0
1,2026-01-01 00:13:04.000000,2026-01-01 00:23:36.000000,1,1.6,1,"N",239,236,2,11.4,3.5,0.5,0,0,1,16.4,2.5,0
1,2026-01-01 00:40:40.000000,2026-01-01 01:11:05.000000,1,3.4,1,"N",262,48,2,27.5,4.25,0.5,0,0,1,33.25,2.5,0
7,2026-01-01 00:40:03.000000,2026-01-01 00:40:03.000000,3,1.69,1,"N",237,234,1,19.8,0,0.5,5.11,0,1,30.66,2.5,0
2,2026-01-01 00:06:07.000000,2026-01-01 00:17:48.000000,2,3.33,1,"N",137,262,1,15.6,1,0.5,4.27,0,1,25.62,2.5,0
2,2026-01-01 00:36:22.000000,2026-01-01 00:43:29.000000,1,1.27,1,"N",229,140,1,9.3,1,0.5,2,0,1,17.05,2.5,0
2,2026-01-01 00:27:17.000000,2026-01-01 00:31:30.000000,2,0.73,1,"N",141,140,1,6.5,1,0.5,1.5,0,1,13,2.5,0
2,2026-01-01 00:43:04.000000,2026-01-01 00:57:47.000000,1,0.66,1,"N",229,162,2,12.8,1,0.5,0,0,1,18.55,2.5,0
2,2026-01-01 00:49:47.000000,2026-01-01 00:54:39.000000,1,0.76,1,"N",114,113,1,6.5,1,0.5,2.45,0,1,14.7,2.5,0
2,2026-01-01 00:24:06.000000,2026-01-01 00:28:31.000000,1,0.67,1,"N",114,234,1,6.5,1,0.5,3.67,0,1,15.92,2.5,0
2,2026-01-01 00:34:25.000000,2026-01-01 00:38:57.000000,1,0.77,1,"N",90,113,1,6.5,1,0.5,2.45,0,1,14.7,2.5,0
2,2026-01-01 00:40:07.000000,2026-01-01 00:43:29.000000,1,0.85,1,"N",113,234,1,5.8,1,0.5,1.16,0,1,12.71,2.5,0
2,2026-01-01 00:20:22.000000,2026-01-01 00:26:40.000000,1,1.43,1,"N",162,263,2,7.9,1,0.5,0,0,1,13.65,2.5,0
2,2026-01-01 00:29:06.000000,2026-01-01 00:36:56.000000,1,1.93,1,"N",263,233,1,10.7,1,0.5,3.29,0,1,19.74,2.5,0
2,2026-01-01 00:51:26.000000,2026-01-01 00:54:20.000000,1,1.12,1,"N",237,236,1,6.5,1,0.5,2.3,0,1,13.8,2.5,0
2,2026-01-01 00:59:10.000000,2026-01-01 01:27:18.000000,1,3.21,1,"N",43,107,1,25.4,1,0.5,6.23,0,1,37.38,2.5,0
2,2026-01-01 00:20:52.000000,2026-01-01 00:25:40.000000,3,0.53,1,"N",90,164,1,6.5,1,0.5,2.45,0,1,14.7,2.5,0
2,2026-01-01 00:41:10.000000,2026-01-01 00:58:19.000000,2,2.37,1,"N",114,170,1,17,1,0.5,0,0,1,22.75,2.5,0
2,2026-01-01 00:10:55.000000,2026-01-01 00:19:41.000000,1,1.94,1,"N",239,236,1,12.1,1,0.5,3.42,0,1,20.52,2.5,0
7,2026-01-01 00:36:07.000000,2026-01-01 00:36:07.000000,1,1.13,1,"N",114,231,1,7.9,0,0.5,2.73,0,1,16.38,2.5,0
2,2026-01-01 00:17:14.000000,2026-01-01 00:22:43.000000,1,1.28,1,"N",238,143,1,8.6,1,0.5,2.04,0,1,15.64,2.5,0
2,2026-01-01 00:24:33.000000,2026-01-01 00:28:11.000000,1,0.96,1,"N",143,239,1,6.5,1,0.5,2.3,0,1,13.8,2.5,0
2,2026-01-01 00:32:17.000000,2026-01-01 00:46:01.000000,1,7.12,1,"N",43,127,1,29.6,1,0.5,6.92,0,1,41.52,2.5,0
2,2026-01-01 00:55:43.000000,2026-01-01 01:08:00.000000,1,4.53,1,"N",244,238,1,20.5,1,0.5,6.9,0,1,29.9,0,0
2,2026-01-01 00:20:06.000000,2026-01-01 00:53:30.000000,1,4.43,1,"N",50,209,2,31.7,1,0.5,0,0,1,37.45,2.5,0
1,2026-01-01 00:00:09.000000,2026-01-01 00:11:24.000000,1,3.7,1,"N",262,79,1,18.4,4.25,0.5,15,0,1,39.15,2.5,0
2,2026-01-01 00:30:08.000000,2026-01-01 00:38:39.000000,2,1.23,1,"N",142,43,1,10,1,0.5,3.15,0,1,18.9,2.5,0
1,2026-01-01 00:09:55.000000,2026-01-01 00:20:57.000000,1,3.4,1,"N",43,41,1,15.6,3.5,0.5,4.25,0,1,24.85,2.5,0
1,2026-01-01 00:37:53.000000,2026-01-01 00:48:14.000000,1,1.4,1,"N",75,24,1,10.7,1,0.5,2.65,0,1,15.85,0,0
2,2026-01-01 00:25:21.000000,2026-01-01 00:30:40.000000,1,1.05,1,"N",231,13,1,7.9,1,0.5,2,0,1,15.65,2.5,0
2,2026-01-01 00:34:14.000000,2026-01-01 00:45:42.000000,1,1.45,1,"N",229,43,1,11.4,1,0.5,4.29,0,1,21.44,2.5,0
2,2026-01-01 00:47:08.000000,2026-01-01 01:10:23.000000,2,2.38,1,"N",43,233,2,21.2,1,0.5,0,0,1,26.95,2.5,0
2,2026-01-01 00:25:07.000000,2026-01-01 00:45:05.000000,1,2.49,1,"N",43,68,1,19.1,1,0.5,4.97,0,1,29.82,2.5,0
1,2026-01-01 00:21:27.000000,2026-01-01 01:09:11.000000,1,20.2,2,"N",132,231,1,70,5,0.5,15.3,0,1,91.8,2.5,1.75
1,2026-01-01 00:21:00.000000,2026-01-01 00:51:03.000000,1,4.5,1,"N",43,68,2,26.1,4.25,0.5,0,0,1,31.85,2.5,0
1,2026-01-01 00:56:57.000000,2026-01-01 01:14:45.000000,1,0.9,1,"N",68,50,2,14.9,4.25,0.5,0,0,1,20.65,2.5,0
2,2026-01-01 00:05:46.000000,2026-01-01 00:36:51.000000,1,3.83,1,"N",255,4,1,28.2,1,0.5,1,0,1,34.95,2.5,0
2,2026-01-01 00:30:30.000000,2026-01-01 00:58:43.000000,2,17.69,2,"N",132,144,1,70,0,0.5,14.95,0,1,91.45,2.5,1.75
2,2026-01-01 00:17:18.000000,2026-01-01 00:33:19.000000,1,3.22,1,"N",142,41,1,18.4,1,0.5,5.85,0,1,29.25,2.5,0
2,2026-01-01 00:48:26.000000,2026-01-01 00:59:30.000000,1,2.17,1,"N",236,229,1,13.5,1,0.5,4.81,0,1,24.06,2.5,0
7,2026-01-01 00:53:55.000000,2026-01-01 00:53:55.000000,1,1.36,1,"N",237,170,1,12.8,0,0.5,0,0,1,18.55,2.5,0
1,2026-01-01 00:14:47.000000,2026-01-01 00:22:37.000000,0,0.8,1,"N",249,158,1,7.9,4.25,0.5,0,0,1,13.65,2.5,0
1,2026-01-01 00:33:39.000000,2026-01-01 00:43:21.000000,0,1.7,1,"N",231,79,1,11.4,4.25,0.5,0,0,1,17.15,2.5,0
1,2026-01-01 00:44:26.000000,2026-01-01 01:05:06.000000,0,1.9,1,"N",79,164,1,18.4,4.25,0.5,2,0,1,26.15,2.5,0
7,2026-01-01 00:16:58.000000,2026-01-01 00:16:58.000000,2,0.83,1,"N",239,142,1,5.1,0,0.5,2.02,0,1,12.12,2.5,0
7,2026-01-01 00:22:37.000000,2026-01-01 00:22:37.000000,2,0.6,1,"N",142,143,1,6.5,0,0.5,2.3,0,1,13.8,2.5,0
7,2026-01-01 00:45:01.000000,2026-01-01 00:45:01.000000,2,6.87,1,"N",142,243,1,30.3,0,0.5,7.06,0,1,42.36,2.5,0
2,2026-01-01 00:12:41.000000,2026-01-01 00:33:27.000000,1,11.19,1,"N",138,127,2,44.3,6,0.5,0,6.94,1,60.49,0,1.75
2,2026-01-01 00:52:17.000000,2026-01-01 01:06:27.000000,1,2.6,1,"N",166,142,1,16.3,1,0.5,5.32,0,1,26.62,2.5,0
2,2026-01-01 00:20:41.000000,2026-01-01 00:24:39.000000,1,0.77,1,"N",234,113,1,5.8,1,0.5,2.31,0,1,13.86,2.5,0
2,2026-01-01 00:28:15.000000,2026-01-01 00:34:11.000000,2,0.89,1,"N",79,249,2,7.2,1,0.5,0,0,1,12.95,2.5,0
2,2026-01-01 00:35:35.000000,2026-01-01 01:03:13.000000,1,4.38,1,"N",249,75,1,25.4,1,0.5,3,0,1,34.15,2.5,0
2,2026-01-01 00:45:41.000000,2026-01-01 01:02:41.000000,3,5,1,"N",87,170,1,24,1,0.5,5.95,0,1,35.7,2.5,0
2,2026-01-01 00:25:28.000000,2026-01-01 00:40:43.000000,1,0.81,1,"N",233,164,2,13.5,1,0.5,0,0,1,19.25,2.5,0
2,2026-01-01 00:35:49.000000,2026-01-01 00:47:54.000000,2,1.76,1,"N",211,164,1,12.8,1,0.5,2,0,1,20.55,2.5,0
2,2026-01-01 00:03:13.000000,2026-01-01 00:25:20.000000,1,7.61,1,"N",125,188,2,33.8,1,0.5,0,6.94,1,46.49,2.5,0
2,2026-01-01 00:11:24.000000,2026-01-01 00:24:05.000000,1,1.65,1,"N",144,4,1,12.1,1,0.5,3.57,0,1,21.42,2.5,0
2,2026-01-01 00:41:23.000000,2026-01-01 00:51:12.000000,1,1.61,1,"N",79,233,1,10.7,1,0.5,2,0,1,18.45,2.5,0
2,2026-01-01 00:12:02.000000,2026-01-01 00:36:10.000000,1,2.68,1,"N",237,107,1,22.6,1,0.5,2.84,0,1,31.19,2.5,0
2,2026-01-01 00:05:59.000000,2026-01-01 00:35:31.000000,1,7,1,"N",211,166,1,34.5,1,0.5,8.05,0,1,48.3,2.5,0
2,2026-01-01 00:41:05.000000,2026-01-01 01:00:51.000000,3,3.52,1,"N",24,48,1,23.3,1,0.5,5.81,0,1,34.86,2.5,0
2,2026-01-01 00:04:17.000000,2026-01-01 00:12:29.000000,3,1.02,1,"N",79,107,1,9.3,1,0.5,5,0,1,20.05,2.5,0
2,2026-01-01 00:22:16.000000,2026-01-01 00:35:30.000000,1,0.55,1,"N",170,186,1,12.1,1,0.5,4.46,0,1,22.31,2.5,0
2,2026-01-01 00:37:58.000000,2026-01-01 00:55:34.000000,2,2.08,1,"N",186,4,1,16.3,1,0.5,4.41,0,1,26.46,2.5,0
2,2026-01-01 00:21:56.000000,2026-01-01 00:29:03.000000,4,0.95,1,"N",43,163,1,8.6,1,0.5,2.87,0,1,17.22,2.5,0
2,2026-01-01 00:30:14.000000,2026-01-01 00:39:51.000000,1,2.05,1,"N",163,263,1,12.1,1,0.5,4.46,0,1,22.31,2.5,0
2,2026-01-01 00:41:07.000000,2026-01-01 00:48:36.000000,1,1.64,1,"N",263,239,1,10,1,0.5,3,0,1,18,2.5,0
2,2026-01-01 00:50:27.000000,2026-01-01 00:57:56.000000,4,1.69,1,"N",239,143,1,10,1,0.5,3,0,1,18,2.5,0
2,2026-01-01 00:49:38.000000,2026-01-01 01:45:26.000000,1,15.73,1,"N",163,10,2,72.3,1,0.5,0,0,1,78.05,2.5,0
2,2026-01-01 00:33:29.000000,2026-01-01 00:38:33.000000,1,0.59,1,"N",237,161,2,6.5,1,0.5,0,0,1,12.25,2.5,0
2,2026-01-01 00:21:48.000000,2026-01-01 00:28:04.000000,2,0.84,1,"N",162,48,1,7.9,1,0.5,2.73,0,1,16.38,2.5,0
2,2026-01-01 00:51:28.000000,2026-01-01 00:59:40.000000,1,1.81,1,"N",132,239,1,11.4,1,0.5,3.28,0,1,19.68,2.5,0
2,2026-01-01 00:35:43.000000,2026-01-01 00:43:44.000000,1,0.8,1,"N",234,186,1,8.6,1,0.5,2.87,0,1,17.22,2.5,0
2,2026-01-01 00:50:22.000000,2026-01-01 00:55:19.000000,1,0.99,1,"N",90,249,1,7.2,1,0.5,2,0,1,14.95,2.5,0
2,2026-01-01 00:39:37.000000,2026-01-01 01:01:41.000000,1,3.05,1,"N",249,233,1,21.2,1,0.5,1.35,0,1,28.3,2.5,0
2,2026-01-01 00:53:10.000000,2026-01-01 01:05:24.000000,1,2.13,1,"N",238,141,1,13.5,1,0.5,3.7,0,1,22.2,2.5,0
2,2026-01-01 00:07:02.000000,2026-01-01 00:32:56.000000,1,4.9,1,"N",144,263,1,26.8,1,0.5,6.51,0,1,39.06,2.5,0
2,2026-01-01 00:33:54.000000,2026-01-01 00:40:18.000000,1,1.18,1,"N",263,141,1,8.6,1,0.5,3.4,0,1,17,2.5,0
2,2026-01-01 00:41:35.000000,2026-01-01 00:56:07.000000,1,2.65,1,"N",140,239,1,15.6,1,0.5,4.12,0,1,24.72,2.5,0
2,2026-01-01 00:44:24.000000,2026-01-01 01:18:24.000000,1,4.19,1,"N",246,237,1,29.6,1,0.5,2,0,1,37.35,2.5,0
1,2026-01-01 00:14:39.000000,2026-01-01 00:29:58.000000,1,1.2,1,"N",234,186,1,13.5,4.25,0.5,10,0,1,29.25,2.5,0
1,2026-01-01 00:41:51.000000,2026-01-01 00:53:28.000000,2,1,1,"N",246,249,1,11.4,4.25,0.5,3.4,0,1,20.55,2.5,0
1,2026-01-01 00:55:32.000000,2026-01-01 01:40:23.000000,1,4.7,1,"N",90,239,1,40.1,4.25,0.5,8,0,1,53.85,2.5,0
2,2026-01-01 00:20:19.000000,2026-01-01 01:16:02.000000,1,20.01,1,"N",170,14,2,83.5,1,0.5,0,0,1,89.25,2.5,0
1,2026-01-01 00:15:28.000000,2026-01-01 00:33:12.000000,1,3.1,1,"N",263,50,1,17,4.25,0.5,3,0,1,25.75,2.5,0
1,2026-01-01 00:48:31.000000,2026-01-01 01:20:22.000000,1,2.6,1,"N",50,164,2,24.7,4.25,0.5,0,0,1,30.45,2.5,0
2,2026-01-01 00:44:13.000000,2026-01-01 00:51:22.000000,2,1.18,1,"N",140,237,1,8.6,1,0.5,2.72,0,1,16.32,2.5,0
2,2026-01-01 00:53:35.000000,2026-01-01 01:01:01.000000,1,1.67,1,"N",237,262,1,10,1,0.5,2.25,0,1,17.25,2.5,0
1,2026-01-01 00:01:20.000000,2026-01-01 00:19:40.000000,1,8.5,1,"N",138,262,1,33.8,10.25,0.5,6,6.94,1,58.49,2.5,1.75
2,2026-01-01 00:03:14.000000,2026-01-01 00:12:12.000000,4,1.03,1,"N",231,144,1,9.3,1,0.5,3.01,0,1,18.06,2.5,0
2,2026-01-01 00:21:35.000000,2026-01-01 00:39:31.000000,2,5.31,1,"N",107,75,1,26.1,1,0.5,6.37,0,1,38.22,2.5,0
2,2026-01-01 00:40:53.000000,2026-01-01 00:53:43.000000,1,2.54,1,"N",75,42,1,14.9,1,0.5,3.48,0,1,20.88,0,0
1,2026-01-01 00:16:52.000000,2026-01-01 00:52:35.000000,1,13.2,1,"N",88,116,1,55.5,4.25,0.5,10,0,1,71.25,2.5,0
2,2026-01-01 00:09:32.000000,2026-01-01 00:32:31.000000,1,3.79,1,"N",234,239,1,23.3,1,0.5,4,0,1,33.05,2.5,0
2,2026-01-01 00:06:23.000000,2026-01-01 00:16:18.000000,2,1.79,1,"N",239,263,1,12.1,1,0.5,3.42,0,1,20.52,2.5,0
2,2026-01-01 00:19:00.000000,2026-01-01 00:22:33.000000,2,0.96,1,"N",263,141,1,6.5,1,0.5,2.3,0,1,13.8,2.5,0
2,2026-01-01 00:23:13.000000,2026-01-01 00:25:20.000000,1,0.45,1,"N",141,229,2,4.4,1,0.5,0,0,1,10.15,2.5,0
2,2026-01-01 00:42:21.000000,2026-01-01 00:44:53.000000,2,0.8,1,"N",263,141,1,5.8,1,0.5,3.24,0,1,14.04,2.5,0
2,2026-01-01 00:49:06.000000,2026-01-01 01:04:36.000000,2,4.3,1,"N",141,168,2,19.8,1,0.5,0,0,1,24.8,2.5,0
2,2026-01-01 00:22:13.000000,2026-01-01 00:35:16.000000,1,1.7,1,"N",107,249,1,13.5,1,0.5,5.78,0,1,25.03,2.5,0
2,2026-01-01 00:25:56.000000,2026-01-01 00:53:58.000000,1,7.58,1,"N",107,41,1,35.9,1,0.5,0,0,1,41.65,2.5,0
2,2026-01-01 00:20:36.000000,2026-01-01 00:52:22.000000,1,12.13,1,"N",162,92,1,49.2,1,0.5,5,0,1,59.95,2.5,0
2,2026-01-01 00:29:51.000000,2026-01-01 00:39:09.000000,1,1.42,1,"N",170,107,1,10,1,0.5,3.15,0,1,18.9,2.5,0
2,2026-01-01 00:47:57.000000,2026-01-01 01:07:14.000000,1,3.94,1,"N",234,52,1,21.2,1,0.5,5.39,0,1,32.34,2.5,0
2,2026-01-01 00:28:41.000000,2026-01-01 00:37:21.000000,1,1.01,1,"N",68,158,1,9.3,1,0.5,3.76,0,1,18.81,2.5,0
2,2026-01-01 00:39:28.000000,2026-01-01 00:41:53.000000,1,0.48,1,"N",249,68,1,5.1,1,0.5,2.17,0,1,13.02,2.5,0
2,2026-01-01 00:46:03.000000,2026-01-01 00:59:31.000000,1,1.81,1,"N",90,79,1,13.5,1,0.5,3.85,0,1,23.1,2.5,0
2,2026-01-01 00:11:56.000000,2026-01-01 00:16:57.000000,1,0.85,1,"N",142,143,1,7.2,1,0.5,2.44,0,1,14.64,2.5,0
2,2026-01-01 00:50:55.000000,2026-01-01 00:53:50.000000,1,0.37,1,"N",233,229,2,5.1,1,0.5,0,0,1,10.85,2.5,0
2,2026-01-01 00:58:43.000000,2026-01-01 01:04:04.000000,2,1.35,1,"N",237,140,1,7.9,1,0.5,3,0,1,15.9,2.5,0
2,2026-01-01 00:17:14.000000,2026-01-01 00:35:31.000000,3,2.87,1,"N",79,256,1,19.8,1,0.5,5.11,0,1,30.66,2.5,0
2,2026-01-01 00:36:52.000000,2026-01-01 01:09:13.000000,1,6.77,1,"N",256,181,1,35.9,1,0.5,9.6,0,1,48,0,0
2,2026-01-01 00:23:29.000000,2026-01-01 00:29:05.000000,1,1.02,1,"N",144,113,1,7.9,1,0.5,0.1,0,1,13.75,2.5,0
2,2026-01-01 00:42:54.000000,2026-01-01 00:58:20.000000,1,1.89,1,"N",234,158,1,14.9,1,0.5,2,0,1,22.65,2.5,0
2,2026-01-01 00:41:46.000000,2026-01-01 00:55:42.000000,2,2.77,1,"N",231,246,1,16.3,1,0.5,8,0,1,30.05,2.5,0
1,2026-01-01 00:40:17.000000,2026-01-01 01:04:33.000000,2,1.6,1,"N",234,164,2,19.8,4.25,0.5,0,0,1,25.55,2.5,0
2,2026-01-01 00:40:22.000000,2026-01-01 00:45:52.000000,1,0.7,1,"N",170,162,2,6.5,1,0.5,0,0,1,12.25,2.5,0
2,2026-01-01 00:49:31.000000,2026-01-01 01:04:17.000000,2,1.72,1,"N",170,79,1,14.2,1,0.5,3.99,0,1,23.94,2.5,0
2,2026-01-01 00:22:50.000000,2026-01-01 00:28:51.000000,1,0.96,1,"N",137,224,1,7.9,1,0.5,2.46,0,1,16.11,2.5,0
2,2026-01-01 00:32:12.000000,2026-01-01 00:52:51.000000,1,4.12,1,"N",107,236,1,21.9,1,0.5,2,0,1,29.65,2.5,0
2,2026-01-01 00:54:43.000000,2026-01-01 01:06:08.000000,1,1.73,1,"N",236,236,1,12.1,1,0.5,3.42,0,1,20.52,2.5,0
1,2026-01-01 00:59:24.000000,2026-01-01 01:23:57.000000,1,3,1,"N",79,161,1,20.5,4.25,0.5,5.25,0,1,31.5,2.5,0
1,2026-01-01 00:24:12.000000,2026-01-01 00:32:36.000000,2,1.2,1,"N",239,143,1,9.3,3.5,0.5,2.85,0,1,17.15,2.5,0
2,2026-01-01 00:53:25.000000,2026-01-01 01:09:11.000000,1,3.48,1,"N",170,112,1,19.1,1,0.5,6.36,6.94,1,38.15,2.5,0
2,2026-01-01 00:13:33.000000,2026-01-01 00:23:53.000000,2,1.48,1,"N",79,170,1,11.4,1,0.5,3.43,0,1,20.58,2.5,0
1,2026-01-01 00:48:20.000000,2026-01-01 00:54:34.000000,1,0.6,1,"N",48,68,1,7.2,4.25,0.5,2.6,0,1,15.55,2.5,0
2,2026-01-01 00:45:48.000000,2026-01-01 00:45:54.000000,1,0,5,"N",261,261,1,50,0,0,0,0,1,54.25,2.5,0
7,2026-01-01 00:22:53.000000,2026-01-01 00:22:53.000000,1,1.24,1,"N",237,162,1,7.9,0,0.5,2.73,0,1,16.38,2.5,0
7,2026-01-01 00:58:51.000000,2026-01-01 00:58:51.000000,1,4.85,1,"N",142,42,3,25.4,0,0.5,0,0,1,30.4,2.5,0
2,2026-01-01 00:19:31.000000,2026-01-01 00:42:50.000000,2,3.51,1,"N",107,263,1,22.6,1,0.5,0,0,1,28.35,2.5,0
2,2026-01-01 00:49:09.000000,2026-01-01 01:05:35.000000,3,3.16,1,"N",262,166,1,17.7,1,0.5,6.81,0,1,29.51,2.5,0
2,2026-01-01 00:22:28.000000,2026-01-01 00:44:46.000000,2,3.16,1,"N",163,107,1,21.2,1,0.5,6.74,0,1,33.69,2.5,0
2,2026-01-01 00:49:37.000000,2026-01-01 01:11:01.000000,2,2.62,1,"N",234,229,1,19.8,1,0.5,2,0,1,27.55,2.5,0
2,2026-01-01 00:28:54.000000,2026-01-01 00:32:49.000000,2,0.61,1,"N",229,229,1,5.8,1,0.5,2.31,0,1,13.86,2.5,0
1,2026-01-01 00:11:59.000000,2026-01-01 01:07:53.000000,1,5.2,99,"N",91,155,1,20.5,0,0.5,0,0,0,21,0,0
2,2026-01-01 00:23:29.000000,2026-01-01 00:48:54.000000,1,2.76,1,"N",107,43,1,21.9,1,0.5,0,0,1,27.65,2.5,0
2,2026-01-01 00:50:08.000000,2026-01-01 00:54:56.000000,3,0.91,1,"N",43,143,1,7.2,1,0.5,1,0,1,13.95,2.5,0
2,2026-01-01 00:04:19.000000,2026-01-01 00:30:17.000000,1,5.31,1,"N",246,263,1,28.9,1,0.5,6.78,0,1,40.68,2.5,0
2,2026-01-01 00:31:05.000000,2026-01-01 00:33:23.000000,1,0.57,1,"N",263,75,2,5.1,1,0.5,0,0,1,10.1,2.5,0
2,2026-01-01 00:56:47.000000,2026-01-01 01:06:22.000000,2,1.95,1,"N",41,116,1,12.1,1,0.5,2,0,1,16.6,0,0
1,2026-01-01 00:17:40.000000,2026-01-01 00:34:15.000000,1,2.8,1,"N",246,231,1,18.4,4.25,0.5,4.8,0,1,28.95,2.5,0
2,2026-01-01 00:10:13.000000,2026-01-01 00:35:15.000000,3,3.12,1,"N",161,263,2,-22.6,-1,-0.5,0,0,-1,-28.35,-2.5,0
2,2026-01-01 00:10:13.000000,2026-01-01 00:35:15.000000,3,3.12,1,"N",161,263,2,22.6,1,0.5,0,0,1,28.35,2.5,0
2,2026-01-01 00:52:20.000000,2026-01-01 01:02:52.000000,1,2.19,1,"N",141,74,1,12.8,1,0.5,3.56,0,1,21.36,2.5,0
2,2026-01-01 00:09:40.000000,2026-01-01 00:19:27.000000,2,1.23,1,"N",79,107,1,10.7,1,0.5,3.29,0,1,19.74,2.5,0
2,2026-01-01 00:24:35.000000,2026-01-01 00:39:41.000000,1,1.95,1,"N",164,79,1,14.9,1,0.5,4,0,1,24.65,2.5,0
2,2026-01-01 00:49:22.000000,2026-01-01 01:20:08.000000,1,3.29,1,"N",79,79,1,26.1,1,0.5,5,0,1,36.85,2.5,0
2,2026-01-01 00:16:29.000000,2026-01-01 00:23:53.000000,1,0.42,1,"N",114,249,1,7.9,1,0.5,2.73,0,1,16.38,2.5,0
2,2026-01-01 00:31:40.000000,2026-01-01 00:36:42.000000,1,0.82,1,"N",249,90,1,7.2,1,0.5,2.59,0,1,15.54,2.5,0
2,2026-01-01 00:37:34.000000,2026-01-01 00:50:14.000000,1,1.45,1,"N",90,79,1,12.8,1,0.5,3.71,0,1,22.26,2.5,0
1,2026-01-01 00:17:58.000000,2026-01-01 00:21:09.000000,1,0.3,1,"N",237,162,1,5.1,4.25,0.5,3.25,0,1,14.1,2.5,0
2,2026-01-01 00:07:21.000000,2026-01-01 00:30:35.000000,4,5.52,1,"N",107,238,1,27.5,1,0.5,6.65,0,1,39.9,2.5,0
2,2026-01-01 00:32:23.000000,2026-01-01 00:45:25.000000,2,1.15,1,"N",238,151,1,12.8,1,0.5,5.34,0,1,23.14,2.5,0
2,2026-01-01 00:30:38.000000,2026-01-01 00:37:53.000000,2,1.1,1,"N",79,90,1,8.6,1,0.5,0,0,1,14.35,2.5,0
2,2026-01-01 00:06:32.000000,2026-01-01 00:10:51.000000,3,1.24,1,"N",233,224,1,7.2,1,0.5,2.59,0,1,15.54,2.5,0
2,2026-01-01 00:48:58.000000,2026-01-01 01:23:24.000000,1,7.4,1,"N",142,256,1,37.3,1,0.5,8.61,0,1,51.66,2.5,0
1,2026-01-01 00:57:34.000000,2026-01-01 01:05:42.000000,1,0.6,1,"N",234,113,1,8.6,4.25,0.5,1,0,1,15.35,2.5,0
2,2026-01-01 00:13:07.000000,2026-01-01 00:20:50.000000,1,1.27,1,"N",79,137,1,9.3,1,0.5,3.01,0,1,18.06,2.5,0
2,2026-01-01 00:39:33.000000,2026-01-01 00:59:27.000000,1,3.15,1,"N",249,141,1,19.1,1,0.5,3.73,0,1,28.58,2.5,0
2,2026-01-01 00:05:17.000000,2026-01-01 00:10:58.000000,1,0.81,1,"N",229,161,1,7.2,1,0.5,3,0,1,15.95,2.5,0
2,2026-01-01 00:45:24.000000,2026-01-01 00:48:22.000000,1,0.58,1,"N",137,233,1,5.1,1,0.5,2.17,0,1,13.02,2.5,0
2,2026-01-01 00:37:08.000000,2026-01-01 01:16:28.000000,1,9.94,1,"N",161,182,2,49.9,1,0.5,0,0,1,55.65,2.5,0
2,2026-01-01 00:17:47.000000,2026-01-01 00:23:37.000000,1,0.66,1,"N",143,142,2,7.2,1,0.5,0,0,1,12.95,2.5,0
2,2026-01-01 00:30:57.000000,2026-01-01 00:45:53.000000,1,1.82,1,"N",142,238,2,14.9,1,0.5,0,0,1,19.9,2.5,0
2,2026-01-01 00:29:36.000000,2026-01-01 00:41:37.000000,1,1.16,1,"N",162,237,1,12.1,1,0.5,3.57,0,1,21.42,2.5,0
1,2026-01-01 00:39:20.000000,2026-01-01 01:19:17.000000,1,6.2,1,"N",186,223,1,35.9,4.25,0.5,7.49,0,1,49.14,2.5,0
1,2026-01-01 00:39:49.000000,2026-01-01 00:48:21.000000,1,1.8,1,"N",113,261,1,10,4.25,0.5,3.15,0,1,18.9,2.5,0
2,2026-01-01 00:12:01.000000,2026-01-01 00:26:43.000000,1,3.41,1,"N",41,142,1,17.7,1,0.5,3.4,0,1,26.1,2.5,0
2,2026-01-01 00:53:12.000000,2026-01-01 01:06:39.000000,1,0.65,1,"N",186,137,1,12.1,1,0.5,1.78,0,1,19.63,2.5,0
2,2026-01-01 00:32:21.000000,2026-01-01 00:38:26.000000,2,1.15,1,"N",244,243,1,8.6,1,0.5,3.33,0,1,14.43,0,0
2,2026-01-01 00:39:56.000000,2026-01-01 00:52:56.000000,2,1.89,1,"N",264,229,1,13.5,1,0.5,3.85,0,1,23.1,2.5,0
2,2026-01-01 00:33:29.000000,2026-01-01 00:40:33.000000,1,0.53,1,"N",234,234,1,7.9,1,0.5,2.73,0,1,16.38,2.5,0
2,2026-01-01 00:41:49.000000,2026-01-01 00:51:30.000000,4,1.07,1,"N",234,114,2,10,1,0.5,0,0,1,15.75,2.5,0
2,2026-01-01 00:56:10.000000,2026-01-01 00:56:24.000000,3,0,1,"N",113,114,2,3,1,0.5,0,0,1,8.75,2.5,0
2,2026-01-01 00:18:21.000000,2026-01-01 01:00:16.000000,1,18.54,2,"N",132,90,1,70,0,0.5,10,0,1,86.5,2.5,1.75
1,2026-01-01 00:58:35.000000,2026-01-01 01:17:36.000000,1,2.4,1,"N",170,142,1,17.7,4.25,0.5,0,0,1,23.45,2.5,0
2,2026-01-01 00:28:24.000000,2026-01-01 00:41:05.000000,5,1.86,1,"N",142,236,1,13.5,1,0.5,3.7,0,1,22.2,2.5,0
2,2026-01-01 00:42:26.000000,2026-01-01 01:12:47.000000,5,5.21,1,"N",43,249,1,30.3,1,0.5,5,0,1,41.05,2.5,0
2,2026-01-01 00:41:36.000000,2026-01-01 00:54:43.000000,1,1.87,1,"N",148,137,1,13.5,1,0.5,3.85,0,1,23.1,2.5,0
2,2026-01-01 00:12:50.000000,2026-01-01 00:30:01.000000,2,1.89,1,"N",142,162,1,17,1,0.5,4,0,1,26.75,2.5,0
2,2026-01-01 00:47:34.000000,2026-01-01 01:04:36.000000,1,3.51,1,"N",237,7,1,19.1,1,0.5,4.97,0,1,29.82,2.5,0
2,2026-01-01 00:20:50.000000,2026-01-01 00:32:40.000000,1,4.58,1,"N",236,168,2,19.8,1,0.5,0,0,1,24.8,2.5,0
1,2026-01-01 00:42:17.000000,2026-01-01 00:46:33.000000,1,0.7,1,"N",151,238,1,5.8,3.5,0.5,2.15,0,1,12.95,2.5,0
1,2026-01-01 00:47:42.000000,2026-01-01 00:52:48.000000,1,0.8,1,"N",238,151,1,7.2,3.5,0.5,2.45,0,1,14.65,2.5,0
1,2026-01-01 00:55:33.000000,2026-01-01 01:08:38.000000,1,1.9,1,"N",151,236,1,12.8,3.5,0.5,4.45,0,1,22.25,2.5,0
1,2026-01-01 00:09:31.000000,2026-01-01 00:24:24.000000,0,3.5,1,"N",144,80,1,18.4,4.25,0.5,7.2,0,1,31.35,2.5,0
1,2026-01-01 00:52:13.000000,2026-01-01 00:59:08.000000,1,1.1,1,"N",144,107,2,8.6,4.25,0.5,0,0,1,14.35,2.5,0
2,2026-01-01 00:01:57.000000,2026-01-01 00:44:59.000000,2,20.39,2,"N",132,239,2,70,0,0.5,0,6.94,1,82.69,2.5,1.75
2,2026-01-01 00:51:38.000000,2026-01-01 01:15:13.000000,1,4.75,1,"N",239,7,1,25.4,1,0.5,6.23,0,1,37.38,2.5,0
2,2026-01-01 00:33:18.000000,2026-01-01 00:38:45.000000,1,1.25,1,"N",142,238,2,7.9,1,0.5,0,0,1,12.9,2.5,0
2,2026-01-01 00:41:53.000000,2026-01-01 00:51:32.000000,1,1.71,1,"N",238,262,1,11.4,1,0.5,4.1,0,1,20.5,2.5,0
2,2026-01-01 00:03:03.000000,2026-01-01 00:07:56.000000,1,1.06,1,"N",236,141,2,7.2,1,0.5,0,0,1,12.2,2.5,0
2,2026-01-01 00:10:42.000000,2026-01-01 00:24:15.000000,4,1.95,1,"N",140,229,1,14.2,1,0.5,3,0,1,22.95,2.5,0
2,2026-01-01 00:39:22.000000,2026-01-01 01:04:17.000000,2,2.02,1,"N",161,143,1,21.2,1,0.5,2.7,0,1,29.65,2.5,0
2,2026-01-01 00:20:09.000000,2026-01-01 00:44:18.000000,1,2.26,1,"N",161,113,1,21.2,1,0.5,6.74,0,1,33.69,2.5,0
2,2026-01-01 00:47:39.000000,2026-01-01 01:05:51.000000,1,2.08,1,"N",113,164,1,16.3,1,0.5,1,0,1,23.05,2.5,0
1,2026-01-01 00:01:10.000000,2026-01-01 00:11:59.000000,1,2,1,"N",141,239,1,11.4,3.5,0.5,3.3,0,1,19.7,2.5,0
1,2026-01-01 00:18:08.000000,2026-01-01 00:32:20.000000,1,3.2,1,"N",239,116,1,16.3,3.5,0.5,4.25,0,1,25.55,2.5,0
1,2026-01-01 00:49:01.000000,2026-01-01 01:03:24.000000,1,2.5,1,"N",238,140,1,14.9,3.5,0.5,4,0,1,23.9,2.5,0
2,2026-01-01 00:14:57.000000,2026-01-01 00:22:24.000000,1,1.62,1,"N",238,236,1,10,1,0.5,3,0,1,18,2.5,0
2,2026-01-01 00:35:35.000000,2026-01-01 00:40:24.000000,0,1.45,1,"N",263,229,1,7.9,1,0.5,2.73,0,1,16.38,2.5,0
2,2026-01-01 00:42:51.000000,2026-01-01 00:55:03.000000,1,4.4,1,"N",229,79,1,20.5,1,0.5,0,0,1,26.25,2.5,0
2,2026-01-01 00:57:43.000000,2026-01-01 01:11:51.000000,2,2.72,1,"N",79,140,1,15.6,1,0.5,4.27,0,1,25.62,2.5,0
2,2026-01-01 00:23:46.000000,2026-01-01 00:51:03.000000,1,7.97,1,"N",170,181,1,36.6,1,0.5,10.59,0,1,52.94,2.5,0
1,2026-01-01 00:30:28.000000,2026-01-01 00:40:13.000000,1,0.9,1,"N",79,224,2,9.3,4.25,0.5,0,0,1,15.05,2.5,0
1,2026-01-01 00:40:59.000000,2026-01-01 00:59:35.000000,1,4.2,1,"N",224,256,2,21.2,4.25,0.5,0,0,1,26.95,2.5,0
1,2026-01-01 00:20:11.000000,2026-01-01 00:53:21.000000,1,5.7,1,"N",246,237,1,31,3.5,0.5,7.2,0,1,43.2,2.5,0
1,2026-01-01 00:59:48.000000,2026-01-01 01:03:03.000000,1,0.7,1,"N",141,236,1,5.1,3.5,0.5,2,0,1,12.1,2.5,0
2,2026-01-01 00:32:04.000000,2026-01-01 00:48:00.000000,1,1.75,1,"N",162,143,1,14.9,1,0.5,0,0,1,20.65,2.5,0
2,2026-01-01 00:12:49.000000,2026-01-01 00:31:07.000000,1,4.74,1,"N",209,161,2,24.7,1,0.5,0,0,1,30.45,2.5,0
2,2026-01-01 00:50:55.000000,2026-01-01 01:42:01.000000,1,5.26,1,"N",234,238,1,44.3,1,0.5,12.51,0,1,62.56,2.5,0
2,2026-01-01 00:19:51.000000,2026-01-01 00:23:37.000000,1,0.37,1,"N",107,107,1,5.8,1,0.5,0,0,1,11.55,2.5,0
2,2026-01-01 00:16:39.000000,2026-01-01 00:28:27.000000,1,1.99,1,"N",239,262,1,13.5,1,0.5,1.85,0,1,20.35,2.5,0
2,2026-01-01 00:24:13.000000,2026-01-01 00:32:13.000000,1,1.32,1,"N",236,238,1,10,1,0.5,1,0,1,16,2.5,0
2,2026-01-01 00:26:01.000000,2026-01-01 00:34:58.000000,1,1.51,1,"N",164,125,1,10.7,1,0.5,3.29,0,1,19.74,2.5,0
2,2026-01-01 00:38:54.000000,2026-01-01 00:50:35.000000,1,1.37,1,"N",114,79,1,12.1,1,0.5,3,0,1,20.85,2.5,0
2,2026-01-01 00:52:15.000000,2026-01-01 01:05:09.000000,1,1.38,1,"N",79,170,1,12.8,1,0.5,3.71,0,1,22.26,2.5,0
2,2026-01-01 00:58:29.000000,2026-01-01 01:07:07.000000,1,1.15,1,"N",234,68,1,10,1,0.5,2,0,1,17.75,2.5,0
2,2026-01-01 00:02:47.000000,2026-01-01 00:23:20.000000,1,2.97,1,"N",246,162,1,19.8,1,0.5,5,0,1,30.55,2.5,0
2,2026-01-01 00:34:23.000000,2026-01-01 00:51:52.000000,2,2.5,1,"N",148,170,1,17,1,0.5,4.55,0,1,27.3,2.5,0
2,2026-01-01 00:17:46.000000,2026-01-01 00:58:12.000000,2,16.12,1,"N",161,191,2,67.4,1,0.5,0,6.94,1,80.09,2.5,0
2,2026-01-01 00:11:41.000000,2026-01-01 00:46:59.000000,2,4.17,1,"N",142,90,2,30.3,1,0.5,0,0,1,36.05,2.5,0
1,2026-01-01 00:03:36.000000,2026-01-01 00:13:04.000000,1,1.6,1,"N",262,238,2,12.1,3.5,0.5,0,0,1,17.1,2.5,0
1,2026-01-01 00:43:36.000000,2026-01-01 01:04:33.000000,1,5.7,1,"N",263,90,1,28.2,4.25,0.5,6.75,0,1,40.7,2.5,0
2,2026-01-01 00:16:10.000000,2026-01-01 00:31:56.000000,1,2.4,1,"N",229,143,1,16.3,1,0.5,2.2,0,1,24.25,2.5,0
2,2026-01-01 00:16:37.000000,2026-01-01 00:30:41.000000,1,1.39,1,"N",142,237,2,13.5,1,0.5,0,0,1,18.5,2.5,0
2,2026-01-01 00:38:33.000000,2026-01-01 00:55:16.000000,1,1.05,1,"N",43,161,1,12.8,1,0.5,3.71,0,1,22.26,2.5,0
2,2026-01-01 00:56:40.000000,2026-01-01 01:23:59.000000,3,4.84,1,"N",239,79,1,26.8,1,0.5,5,0,1,37.55,2.5,0
2,2026-01-01 00:18:30.000000,2026-01-01 00:24:08.000000,3,1.35,1,"N",239,238,1,8.6,1,0.5,2.72,0,1,16.32,2.5,0
2,2026-01-01 00:25:50.000000,2026-01-01 00:37:58.000000,2,2.44,1,"N",238,74,2,14.9,1,0.5,0,0,1,17.4,0,0
2,2026-01-01 00:28:25.000000,2026-01-01 00:35:44.000000,2,0.75,1,"N",114,148,1,8.6,1,0.5,2.87,0,1,17.22,2.5,0
2,2026-01-01 00:37:10.000000,2026-01-01 00:43:26.000000,4,1.09,1,"N",148,231,1,7.9,1,0.5,2,0,1,15.65,2.5,0
2,2026-01-01 00:46:28.000000,2026-01-01 00:56:17.000000,2,1.66,1,"N",231,79,1,11.4,1,0.5,3.43,0,1,20.58,2.5,0
2,2026-01-01 00:58:17.000000,2026-01-01 01:09:57.000000,2,1.94,1,"N",79,233,1,12.8,1,0.5,3.71,0,1,22.26,2.5,0
2,2026-01-01 00:24:36.000000,2026-01-01 00:44:51.000000,1,1.64,1,"N",161,141,1,18.4,1,0.5,6.04,0,1,30.19,2.5,0
2,2026-01-01 00:46:29.000000,2026-01-01 01:16:43.000000,1,4.12,1,"N",141,158,1,28.2,1,0.5,3,0,1,36.95,2.5,0
1,2026-01-01 00:23:40.000000,2026-01-01 00:27:40.000000,1,0.6,1,"N",263,141,1,6.5,3.5,0.5,1,0,1,12.5,2.5,0
1,2026-01-01 00:39:48.000000,2026-01-01 01:00:03.000000,1,2.7,1,"N",263,170,1,19.8,4.25,0.5,5.1,0,1,30.65,2.5,0
2,2026-01-01 00:24:17.000000,2026-01-01 00:31:19.000000,2,1.37,1,"N",237,263,1,9.3,1,0.5,3.58,0,1,17.88,2.5,0
2,2026-01-01 00:48:04.000000,2026-01-01 00:57:23.000000,1,2.6,1,"N",236,74,1,12.8,1,0.5,5.34,0,1,23.14,2.5,0
2,2026-01-01 00:28:43.000000,2026-01-01 00:53:14.000000,4,12.84,1,"N",163,53,1,49.9,1,0.5,1,0,1,56.65,2.5,0
2,2026-01-01 00:06:27.000000,2026-01-01 00:27:26.000000,1,1.15,1,"N",211,90,1,17.7,1,0.5,4.69,0,1,28.14,2.5,0
2,2026-01-01 00:44:51.000000,2026-01-01 01:16:19.000000,1,2.45,1,"N",246,142,1,26.1,1,0.5,5,0,1,36.85,2.5,0
2,2026-01-01 00:29:09.000000,2026-01-01 00:33:28.000000,3,0.73,1,"N",236,237,1,6.5,1,0.5,2.3,0,1,13.8,2.5,0
2,2026-01-01 00:38:39.000000,2026-01-01 00:47:31.000000,2,1.7,1,"N",237,162,1,10.7,1,0.5,3.29,0,1,19.74,2.5,0
2,2026-01-01 00:30:53.000000,2026-01-01 00:39:32.000000,1,1.23,1,"N",164,114,2,9.3,1,0.5,0,0,1,15.05,2.5,0
2,2026-01-01 00:40:33.000000,2026-01-01 00:44:20.000000,1,0.44,1,"N",114,211,1,5.8,1,0.5,2.89,0,1,14.44,2.5,0
2,2026-01-01 00:49:47.000000,2026-01-01 01:24:48.000000,1,4.32,1,"N",114,140,1,31,1,0.5,7.35,0,1,44.1,2.5,0
1,2026-01-01 00:08:46.000000,2026-01-01 00:16:28.000000,1,1.3,1,"N",239,143,1,9.3,4.25,0.5,2,0,1,17.05,2.5,0
1,2026-01-01 00:20:26.000000,2026-01-01 00:36:34.000000,1,2.9,1,"N",142,41,1,16.3,3.5,0.5,2,0,1,23.3,2.5,0
1,2026-01-01 00:47:56.000000,2026-01-01 01:18:41.000000,1,7.2,1,"N",24,193,2,33.1,4.25,0.5,0,0,1,38.85,2.5,0
2,2026-01-01 00:11:07.000000,2026-01-01 00:22:51.000000,4,2.22,1,"N",163,246,1,13.5,1,0.5,0,0,1,19.25,2.5,0
1,2026-01-01 00:11:11.000000,2026-01-01 00:21:20.000000,1,1.7,1,"N",170,237,1,10,4.25,0.5,3.15,0,1,18.9,2.5,0
2,2026-01-01 00:22:52.000000,2026-01-01 00:39:38.000000,1,2.37,1,"N",234,246,1,16.3,1,0.5,0,0,1,22.05,2.5,0
2,2026-01-01 00:32:06.000000,2026-01-01 00:50:04.000000,2,1.76,1,"N",163,107,1,16.3,1,0.5,3.31,0,1,25.36,2.5,0
2,2026-01-01 00:13:11.000000,2026-01-01 00:20:47.000000,1,1.26,1,"N",43,229,1,9.3,1,0.5,4.51,0,1,19.56,2.5,0
2,2026-01-01 00:33:50.000000,2026-01-01 00:40:29.000000,2,0.82,1,"N",236,262,2,7.9,1,0.5,0,0,1,12.9,2.5,0
2,2026-01-01 00:41:57.000000,2026-01-01 00:51:28.000000,2,2.94,1,"N",262,170,1,14.9,1,0.5,3.1,0,1,23.75,2.5,0
2,2026-01-01 00:13:04.000000,2026-01-01 00:28:22.000000,1,3.48,1,"N",48,166,2,18.4,1,0.5,0,0,1,24.15,2.5,0
2,2026-01-01 00:44:46.000000,2026-01-01 00:55:31.000000,1,2.22,1,"N",238,143,1,13.5,1,0.5,2.89,0,1,22.14,2.5,0
7,2026-01-01 00:25:45.000000,2026-01-01 00:25:45.000000,1,0.57,1,"N",140,141,1,5.8,0,0.5,2.7,0,1,13.5,2.5,0
7,2026-01-01 00:38:13.000000,2026-01-01 00:38:13.000000,1,0.75,1,"N",237,236,1,7.2,0,0.5,2.44,0,1,14.64,2.5,0
2,2026-01-01 00:36:07.000000,2026-01-01 23:46:00.000000,1,3.24,1,"N",113,233,2,19.8,1,0.5,0,0,1,25.55,2.5,0
2,2026-01-01 00:41:52.000000,2026-01-01 00:46:40.000000,1,1.24,1,"N",263,229,2,7.9,1,0.5,0,0,1,13.65,2.5,0
2,2026-01-01 00:55:12.000000,2026-01-01 01:11:18.000000,2,2.88,1,"N",263,170,1,17,1,0.5,4.55,0,1,27.3,2.5,0
2,2026-01-01 00:31:49.000000,2026-01-01 00:41:50.000000,2,1.85,1,"N",239,163,1,12.1,1,0.5,1,0,1,18.85,2.5,0
2,2026-01-01 00:43:33.000000,2026-01-01 01:20:00.000000,2,2.46,1,"N",163,100,1,30.3,1,0.5,7.21,0,1,43.26,2.5,0
2,2026-01-01 00:20:32.000000,2026-01-01 00:24:47.000000,2,1.52,1,"N",237,236,1,7.9,1,0.5,14,0,1,27.65,2.5,0
2,2026-01-01 00:26:42.000000,2026-01-01 00:49:52.000000,1,5.86,1,"N",236,79,1,30.3,1,0.5,7.21,0,1,43.26,2.5,0
2,2026-01-01 00:50:44.000000,2026-01-01 01:06:46.000000,2,2.59,1,"N",79,229,2,17,1,0.5,0,0,1,22.75,2.5,0
2,2026-01-01 00:15:07.000000,2026-01-01 00:25:01.000000,2,1.29,1,"N",43,229,1,10.7,1,0.5,3.29,0,1,19.74,2.5,0
2,2026-01-01 00:37:09.000000,2026-01-01 00:46:32.000000,2,0.97,1,"N",163,140,1,10,1,0.5,2,0,1,17.75,2.5,0
2,2026-01-01 00:53:29.000000,2026-01-01 01:05:39.000000,1,1.53,1,"N",237,170,1,12.8,1,0.5,5.57,0,1,24.12,2.5,0
2,2026-01-01 00:30:20.000000,2026-01-01 00:50:52.000000,1,2.41,1,"N",142,233,1,19.1,1,0.5,4.97,0,1,29.82,2.5,0
2,2026-01-01 00:35:09.000000,2026-01-01 00:39:54.000000,1,1.19,1,"N",50,239,1,7.2,1,0.5,2.59,0,1,15.54,2.5,0
2,2026-01-01 00:07:27.000000,2026-01-01 00:12:28.000000,1,1.03,1,"N",262,140,1,7.9,1,0.5,2,0,1,14.9,2.5,0
2,2026-01-01 00:18:02.000000,2026-01-01 00:20:04.000000,1,0.55,1,"N",262,263,1,5.1,1,0.5,3,0,1,13.1,2.5,0
2,2026-01-01 00:25:43.000000,2026-01-01 00:58:47.000000,2,5.48,1,"N",262,24,1,32.4,1,0.5,20,0,1,57.4,2.5,0
2,2026-01-01 00:51:31.000000,2026-01-01 01:28:27.000000,1,9.52,1,"N",238,198,1,42.9,1,0.5,12.16,0,1,60.81,2.5,0
2,2026-01-01 00:35:00.000000,2026-01-01 00:52:53.000000,2,10.47,1,"N",138,102,1,40.1,6,0.5,11.9,0,1,61.25,0,1.75
2,2026-01-01 00:34:42.000000,2026-01-01 00:53:29.000000,4,1.62,1,"N",186,229,1,17,1,0.5,4.55,0,1,27.3,2.5,0
1,2026-01-01 00:14:29.000000,2026-01-01 00:24:12.000000,1,1.5,1,"N",142,237,2,10.7,3.5,0.5,0,0,1,15.7,2.5,0
2,2026-01-01 00:09:40.000000,2026-01-01 00:17:36.000000,2,1.17,1,"N",90,107,1,9.3,1,0.5,3.01,0,1,18.06,2.5,0
2,2026-01-01 00:23:31.000000,2026-01-01 00:27:38.000000,1,0.71,1,"N",137,233,1,6.5,1,0.5,2,0,1,14.25,2.5,0
2,2026-01-01 00:56:31.000000,2026-01-01 01:16:35.000000,2,2.25,1,"N",161,68,2,19.1,1,0.5,0,0,1,24.85,2.5,0
2,2026-01-01 00:12:44.000000,2026-01-01 00:28:04.000000,1,3.06,1,"N",166,237,1,18.4,1,0.5,4.68,0,1,28.08,2.5,0
2,2026-01-01 00:51:54.000000,2026-01-01 01:00:40.000000,1,1.71,1,"N",236,238,1,10.7,1,0.5,3.14,0,1,18.84,2.5,0
2,2026-01-01 00:41:25.000000,2026-01-01 01:06:36.000000,1,3.18,1,"N",113,141,1,22.6,1,0.5,7.09,0,1,35.44,2.5,0
2,2026-01-01 00:12:29.000000,2026-01-01 00:39:02.000000,1,7.08,1,"N",246,260,1,34.5,1,0.5,9.44,6.94,1,56.63,2.5,0
2,2026-01-01 00:20:49.000000,2026-01-01 00:24:21.000000,1,0.56,1,"N",79,107,1,5.8,1,0.5,2.31,0,1,13.86,2.5,0
1,2026-01-01 00:08:44.000000,2026-01-01 00:19:52.000000,1,1.4,1,"N",164,68,2,10,4.25,0.5,0,0,1,15.75,2.5,0
1,2026-01-01 00:29:52.000000,2026-01-01 00:40:39.000000,1,1.2,1,"N",68,264,1,10,4.25,0.5,0,0,1,15.75,2.5,0
2,2026-01-01 00:15:10.000000,2026-01-01 00:28:56.000000,1,2.01,1,"N",261,66,1,14.9,1,0.5,4.13,0,1,24.78,2.5,0
2,2026-01-01 00:30:35.000000,2026-01-01 00:49:58.000000,1,7.27,1,"N",66,229,1,31,1,0.5,11.03,0,1,47.78,2.5,0
2,2026-01-01 00:50:25.000000,2026-01-01 01:21:54.000000,2,4.53,1,"N",161,148,1,29.6,1,0.5,0,0,1,35.35,2.5,0
1,2026-01-01 00:33:53.000000,2026-01-01 00:37:01.000000,1,0.3,1,"N",151,151,1,5.1,1,0.5,2,0,1,9.6,0,0
1,2026-01-01 00:40:03.000000,2026-01-01 00:47:00.000000,1,1.2,1,"N",238,143,1,8.6,3.5,0.5,2.7,0,1,16.3,2.5,0
2,2026-01-01 00:15:27.000000,2026-01-01 00:30:32.000000,1,4.88,1,"N",164,87,1,22.6,1,0.5,0,0,1,28.35,2.5,0
2,2026-01-01 00:22:02.000000,2026-01-01 00:57:36.000000,2,15.2,1,"N",237,123,2,61.1,1,0.5,0,6.94,1,73.04,2.5,0
2,2026-01-01 00:05:21.000000,2026-01-01 00:16:33.000000,2,2.33,1,"N",87,231,1,14.2,1,0.5,3.99,0,1,23.94,2.5,0
2,2026-01-01 00:59:08.000000,2026-01-01 01:09:32.000000,2,1.72,1,"N",107,249,1,11.4,1,0.5,3.43,0,1,20.58,2.5,0
2,2026-01-01 00:29:39.000000,2026-01-01 00:33:31.000000,1,0.55,1,"N",233,162,1,5.8,1,0.5,2.89,0,1,14.44,2.5,0
2,2026-01-01 00:52:49.000000,2026-01-01 01:00:08.000000,1,1.18,1,"N",107,113,1,8.6,1,0.5,2.87,0,1,17.22,2.5,0
2,2026-01-01 00:29:15.000000,2026-01-01 00:41:49.000000,4,2.97,1,"N",141,234,1,17,1,0.5,4.55,0,1,27.3,2.5,0
2,2026-01-01 00:25:40.000000,2026-01-01 00:32:38.000000,1,1.25,1,"N",142,238,2,8.6,1,0.5,0,0,1,13.6,2.5,0
2,2026-01-01 00:56:23.000000,2026-01-01 01:21:52.000000,1,3.15,1,"N",50,162,1,23.3,1,0.5,5.81,0,1,34.86,2.5,0
2,2026-01-01 00:04:39.000000,2026-01-01 00:09:24.000000,2,1.61,1,"N",263,229,1,8.6,1,0.5,2.87,0,1,17.22,2.5,0
2,2026-01-01 00:23:41.000000,2026-01-01 00:43:47.000000,2,1.69,1,"N",43,141,1,18.4,1,0.5,3,0,1,27.15,2.5,0
2,2026-01-01 00:08:45.000000,2026-01-01 00:12:07.000000,1,1.03,1,"N",238,236,1,6.5,1,0.5,2.3,0,1,13.8,2.5,0
2,2026-01-01 00:29:08.000000,2026-01-01 00:38:28.000000,1,1.59,1,"N",239,236,1,11.4,1,0.5,2,0,1,18.4,2.5,0
2,2026-01-01 00:21:48.000000,2026-01-01 00:34:03.000000,1,2.69,1,"N",142,24,2,14.9,1,0.5,0,0,1,20.65,2.5,0
2,2026-01-01 00:37:42.000000,2026-01-01 01:19:09.000000,1,10.76,1,"N",24,256,2,52,1,0.5,0,0,1,57.75,2.5,0
2,2026-01-01 00:17:03.000000,2026-01-01 00:23:26.000000,1,2,1,"N",263,229,1,10,1,0.5,0,0,1,15.75,2.5,0
2,2026-01-01 00:27:48.000000,2026-01-01 00:43:27.000000,1,7.42,1,"N",229,244,1,31,1,0.5,3,0,1,39.75,2.5,0
1,2026-01-01 00:11:09.000000,2026-01-01 00:47:05.000000,1,9.3,99,"N",25,70,1,35.5,0,0.5,0,0,0,36,0,0
2,2026-01-01 00:17:09.000000,2026-01-01 00:40:19.000000,2,1.58,1,"N",234,170,1,19.8,1,0.5,5,0,1,30.55,2.5,0
2,2026-01-01 00:08:07.000000,2026-01-01 00:40:39.000000,3,17.18,2,"N",132,141,1,70,0,0.5,5,0,1,80.75,2.5,1.75
2,2026-01-01 00:05:00.000000,2026-01-01 00:09:37.000000,1,1.12,1,"N",237,229,1,7.2,1,0.5,2.59,0,1,15.54,2.5,0
2,2026-01-01 00:12:38.000000,2026-01-01 00:21:47.000000,1,2.41,1,"N",141,75,2,12.1,1,0.5,0,0,1,17.1,2.5,0
2,2026-01-01 00:29:52.000000,2026-01-01 00:38:33.000000,1,1.55,1,"N",75,263,1,10,1,0.5,3,0,1,18,2.5,0
2,2026-01-01 00:04:44.000000,2026-01-01 00:11:06.000000,2,0.75,1,"N",249,158,1,7.2,1,0.5,3.24,0,1,16.19,2.5,0
2,2026-01-01 00:15:51.000000,2026-01-01 00:27:43.000000,1,1.55,1,"N",158,234,1,12.1,1,0.5,3.57,0,1,21.42,2.5,0
2,2026-01-01 00:44:17.000000,2026-01-01 01:19:05.000000,2,3.09,1,"N",90,239,1,29.6,1,0.5,4,0,1,39.35,2.5,0
2,2026-01-01 00:50:08.000000,2026-01-01 01:17:05.000000,1,3.86,1,"N",263,107,1,25.4,1,0.5,6.23,0,1,37.38,2.5,0
2,2026-01-01 00:20:12.000000,2026-01-01 00:38:49.000000,2,2.69,1,"N",68,142,1,19.1,1,0.5,6.21,0,1,31.06,2.5,0
2,2026-01-01 00:44:15.000000,2026-01-01 00:50:45.000000,2,1.21,1,"N",229,141,1,8.6,1,0.5,1.5,0,1,15.85,2.5,0
2,2026-01-01 00:07:59.000000,2026-01-01 00:16:16.000000,1,1.22,1,"N",114,158,1,9.3,1,0.5,4.51,0,1,19.56,2.5,0
2,2026-01-01 00:38:13.000000,2026-01-01 01:07:27.000000,2,4.12,1,"N",113,236,1,27.5,1,0.5,6.65,0,1,39.9,2.5,0
1,2026-01-01 00:20:37.000000,2026-01-01 00:24:56.000000,1,0.3,1,"N",141,237,1,5.8,3.5,0.5,2.15,0,1,12.95,2.5,0
1,2026-01-01 00:58:46.000000,2026-01-01 01:26:34.000000,1,6.3,99,"N",61,195,1,25.5,0,0.5,0,0,0,26,0,0
1,2026-01-01 00:15:12.000000,2026-01-01 00:20:03.000000,1,1.7,1,"N",237,75,1,8.6,3.5,0.5,2.7,0,1,16.3,2.5,0
1,2026-01-01 00:23:06.000000,2026-01-01 00:33:25.000000,3,1.4,1,"N",75,262,1,11.4,3.5,0.5,4.9,0,1,21.3,2.5,0
1,2026-01-01 00:34:45.000000,2026-01-01 00:40:15.000000,4,0.9,1,"N",262,141,1,7.9,3.5,0.5,3.2,0,1,16.1,2.5,0
1,2026-01-01 00:48:27.000000,2026-01-01 00:57:58.000000,4,1.3,1,"N",43,162,2,10.7,4.25,0.5,0,0,1,16.45,2.5,0
1,2026-01-01 00:11:02.000000,2026-01-01 00:17:49.000000,1,1.2,1,"N",152,116,1,9.3,1,0.5,2.35,0,1,14.15,0,0
2,2026-01-01 00:39:25.000000,2026-01-01 01:32:05.000000,2,6.57,1,"N",13,238,1,49.2,1,0.5,10.99,0,1,65.94,2.5,0
2,2026-01-01 00:30:01.000000,2026-01-01 00:41:19.000000,1,2.66,1,"N",50,151,1,14.2,1,0.5,3.99,0,1,23.94,2.5,0
2,2026-01-01 00:30:52.000000,2026-01-01 00:58:15.000000,2,2.3,1,"N",237,234,1,23.3,1,0.5,7.26,0,1,36.31,2.5,0
2,2026-01-01 00:01:21.000000,2026-01-01 00:18:45.000000,2,2.46,1,"N",249,162,1,16.3,1,0.5,1,0,1,23.05,2.5,0
2,2026-01-01 00:33:50.000000,2026-01-01 00:41:48.000000,2,0.65,1,"N",161,229,1,8.6,1,0.5,2.87,0,1,17.22,2.5,0
2,2026-01-01 00:48:51.000000,2026-01-01 00:58:46.000000,3,1.59,1,"N",163,236,1,12.1,1,0.5,2.68,0,1,20.53,2.5,0
2,2026-01-01 00:17:12.000000,2026-01-01 00:58:11.000000,2,7.96,1,"N",142,238,1,43.6,1,0.5,14.8,0,1,64.15,2.5,0
1,2026-01-01 00:12:42.000000,2026-01-01 00:16:49.000000,1,0.5,1,"N",141,140,2,5.8,3.5,0.5,0,0,1,10.8,2.5,0
1,2026-01-01 00:21:13.000000,2026-01-01 00:29:09.000000,1,0.9,1,"N",237,162,1,8.6,4.25,0.5,1.5,0,1,15.85,2.5,0
1,2026-01-01 00:33:19.000000,2026-01-01 00:38:55.000000,1,1.2,1,"N",162,140,1,7.2,4.25,0.5,10,0,1,22.95,2.5,0
1,2026-01-01 00:53:47.000000,2026-01-01 00:58:25.000000,1,0.9,1,"N",141,263,1,6.5,3.5,0.5,2.3,0,1,13.8,2.5,0
2,2026-01-01 00:06:06.000000,2026-01-01 00:30:21.000000,1,3.14,1,"N",237,234,1,22.6,1,0.5,0,0,1,28.35,2.5,0
2,2026-01-01 00:52:23.000000,2026-01-01 01:02:56.000000,2,1.12,1,"N",79,170,2,10.7,1,0.5,0,0,1,16.45,2.5,0
2,2026-01-01 00:29:30.000000,2026-01-01 00:42:51.000000,1,1.71,1,"N",144,137,1,12.8,1,0.5,3.71,0,1,22.26,2.5,0
2,2026-01-01 00:00:39.000000,2026-01-01 00:15:59.000000,2,6.79,1,"N",236,243,1,28.9,1,0.5,10.17,0,1,44.07,2.5,0
2,2026-01-01 00:33:28.000000,2026-01-01 00:44:03.000000,2,1.93,1,"N",238,143,1,12.8,1,0.5,4.45,0,1,22.25,2.5,0
2,2026-01-01 00:50:42.000000,2026-01-01 01:03:50.000000,2,2.35,1,"N",239,140,1,14.2,1,0.5,3.84,0,1,23.04,2.5,0
2,2026-01-01 00:16:43.000000,2026-01-01 00:27:56.000000,1,1.32,1,"N",4,114,1,10.7,1,0.5,1,0,1,17.45,2.5,0
2,2026-01-01 00:40:39.000000,2026-01-01 00:45:18.000000,1,0.63,1,"N",114,107,1,6.5,1,0.5,2.45,0,1,14.7,2.5,0
2,2026-01-01 00:47:19.000000,2026-01-01 00:54:00.000000,1,0.98,1,"N",107,164,1,7.9,1,0.5,2.73,0,1,16.38,2.5,0
2,2026-01-01 00:19:32.000000,2026-01-01 00:26:20.000000,5,0.8,1,"N",141,161,1,7.9,1,0.5,2.73,0,1,16.38,2.5,0
2,2026-01-01 00:35:11.000000,2026-01-01 00:38:18.000000,5,0.43,1,"N",237,236,1,5.1,1,0.5,2.02,0,1,12.12,2.5,0
2,2026-01-01 00:53:15.000000,2026-01-01 00:58:24.000000,5,0.89,1,"N",236,237,1,7.2,1,0.5,2.44,0,1,14.64,2.5,0
2,2026-01-01 01:00:09.000000,2026-01-01 01:17:59.000000,5,1.42,1,"N",237,48,2,16.3,1,0.5,0,0,1,22.05,2.5,0
2,2026-01-01 00:09:53.000000,2026-01-01 00:15:20.000000,2,0.71,1,"N",107,114,1,7.2,1,0.5,2.59,0,1,15.54,2.5,0
2,2026-01-01 00:23:36.000000,2026-01-01 00:30:39.000000,2,1.33,1,"N",79,170,1,9.3,1,0.5,3.01,0,1,18.06,2.5,0
2,2026-01-01 00:38:29.000000,2026-01-01 01:10:49.000000,2,3.09,1,"N",233,144,1,27.5,1,0.5,1,0,1,34.25,2.5,0
2,2026-01-01 00:03:04.000000,2026-01-01 00:31:01.000000,2,5.2,1,"N",234,238,1,30.3,1,0.5,9.01,0,1,45.06,2.5,0
2,2026-01-01 00:33:23.000000,2026-01-01 00:40:16.000000,3,1.03,1,"N",238,239,4,-8.6,-1,-0.5,0,0,-1,-13.6,-2.5,0
2,2026-01-01 00:33:23.000000,2026-01-01 00:40:16.000000,3,1.03,1,"N",238,239,4,8.6,1,0.5,0,0,1,13.6,2.5,0
2,2026-01-01 00:19:01.000000,2026-01-01 00:37:46.000000,2,9.41,1,"N",263,25,1,38,1,0.5,10.75,0,1,53.75,2.5,0
2,2026-01-01 00:25:53.000000,2026-01-01 00:42:30.000000,1,2.38,1,"N",262,238,1,17,1,0.5,2.2,0,1,24.2,2.5,0
2,2026-01-01 00:09:50.000000,2026-01-01 00:19:16.000000,2,2.26,1,"N",236,166,1,12.8,1,0.5,4.45,0,1,22.25,2.5,0
2,2026-01-01 00:33:29.000000,2026-01-01 00:45:41.000000,2,2.33,1,"N",239,141,1,14.2,1,0.5,1,0,1,20.2,2.5,0
1,2026-01-01 00:10:38.000000,2026-01-01 00:16:21.000000,2,2,1,"N",229,263,1,10,4.25,0.5,3.15,0,1,18.9,2.5,0
1,2026-01-01 00:20:58.000000,2026-01-01 00:36:34.000000,2,3.8,1,"N",263,224,2,18.4,4.25,0.5,0,0,1,24.15,2.5,0
2,2026-01-01 00:57:01.000000,2026-01-01 01:11:46.000000,1,2.97,1,"N",262,239,1,16.3,1,0.5,4.26,0,1,25.56,2.5,0
2,2026-01-01 00:14:28.000000,2026-01-01 01:02:13.000000,2,3.23,1,"N",211,43,1,38,1,0.5,10.94,0,1,54.69,2.5,0
2,2026-01-01 00:32:27.000000,2026-01-01 00:56:09.000000,1,3.17,1,"N",236,107,1,22.6,1,0.5,0,0,1,28.35,2.5,0
2,2026-01-01 00:48:26.000000,2026-01-01 00:56:32.000000,1,1.07,1,"N",68,158,1,9.3,1,0.5,3.01,0,1,18.06,2.5,0
2,2026-01-01 00:59:02.000000,2026-01-01 01:20:48.000000,1,1.96,1,"N",158,224,1,19.1,1,0.5,12,0,1,36.85,2.5,0
2,2026-01-01 00:41:13.000000,2026-01-01 00:46:50.000000,1,0.72,1,"N",112,112,2,7.2,1,0.5,0,0,1,9.7,0,0
1,2026-01-01 00:25:38.000000,2026-01-01 00:31:21.000000,2,1.6,1,"N",229,263,1,8.6,4.25,0.5,3.55,0,1,17.9,2.5,0
1,2026-01-01 00:33:24.000000,2026-01-01 00:37:43.000000,2,0.9,1,"N",262,140,1,7.2,3.5,0.5,3.65,0,1,15.85,2.5,0
1,2026-01-01 00:42:44.000000,2026-01-01 01:02:47.000000,1,2.2,1,"N",140,142,1,18.4,3.5,0.5,2.81,0,1,26.21,2.5,0
1,2026-01-01 00:39:08.000000,2026-01-01 01:00:50.000000,2,4,1,"N",114,141,1,21.9,4.25,0.5,4.15,0,1,31.8,2.5,0
2,2026-01-01 00:07:59.000000,2026-01-01 00:14:50.000000,1,1.13,1,"N",236,141,2,9.3,1,0.5,0,0,1,14.3,2.5,0
2,2026-01-01 00:18:00.000000,2026-01-01 00:22:51.000000,1,0.63,1,"N",141,263,1,6.5,1,0.5,2.3,0,1,13.8,2.5,0
2,2026-01-01 00:26:41.000000,2026-01-01 00:31:43.000000,1,0.9,1,"N",263,262,1,6.5,1,0.5,2,0,1,13.5,2.5,0
2,2026-01-01 00:32:53.000000,2026-01-01 00:34:59.000000,1,0.46,1,"N",262,262,1,4.4,1,0.5,1.88,0,1,11.28,2.5,0
1,2026-01-01 00:11:15.000000,2026-01-01 00:19:00.000000,3,0.9,1,"N",79,148,1,9.3,4.25,0.5,3,0,1,18.05,2.5,0
1,2026-01-01 00:25:14.000000,2026-01-01 00:40:59.000000,3,3.1,1,"N",114,68,1,17.7,4.25,0.5,4.65,0,1,28.1,2.5,0
1,2026-01-01 00:44:37.000000,2026-01-01 01:16:13.000000,3,3.5,1,"N",68,48,1,28.2,4.25,0.5,1,0,1,34.95,2.5,0
2,2026-01-01 00:59:11.000000,2026-01-01 01:18:23.000000,1,7.98,1,"N",132,265,2,32.4,1,0.5,0,0,1,36.65,0,1.75
1,2026-01-01 00:39:26.000000,2026-01-01 01:09:28.000000,1,1.7,1,"N",68,107,1,24.7,4.25,0.5,6.1,0,1,36.55,2.5,0
2,2026-01-01 00:44:45.000000,2026-01-01 00:55:42.000000,5,0.62,1,"N",141,237,1,10.7,1,0.5,1.64,0,1,18.09,2.5,0
2,2026-01-01 00:37:15.000000,2026-01-01 00:45:01.000000,1,0.89,1,"N",113,107,1,8.6,1,0.5,2,0,1,16.35,2.5,0
2,2026-01-01 00:54:41.000000,2026-01-01 01:07:58.000000,1,1.38,1,"N",107,144,2,12.8,1,0.5,0,0,1,18.55,2.5,0
2,2026-01-01 00:28:34.000000,2026-01-01 01:20:22.000000,2,4.61,1,"N",68,24,2,42.2,1,0.5,0,0,1,47.95,2.5,0
2,2026-01-01 00:35:40.000000,2026-01-01 00:39:04.000000,2,0,1,"N",41,41,2,5.1,1,0.5,0,0,1,7.6,0,0
2,2026-01-01 00:24:22.000000,2026-01-01 00:29:21.000000,1,0.8,1,"N",141,140,1,7.2,1,0.5,2.44,0,1,14.64,2.5,0
2,2026-01-01 00:38:12.000000,2026-01-01 00:55:09.000000,1,1.59,1,"N",107,229,1,15.6,1,0.5,4.27,0,1,25.62,2.5,0
2,2026-01-01 00:15:36.000000,2026-01-01 00:26:11.000000,1,0.65,1,"N",68,68,1,10.7,1,0.5,3.29,0,1,19.74,2.5,0
2,2026-01-01 00:31:35.000000,2026-01-01 00:43:54.000000,2,1.26,1,"N",68,224,1,12.1,1,0.5,5.36,0,1,23.21,2.5,0
2,2026-01-01 00:59:11.000000,2026-01-01 01:33:12.000000,1,2.8,1,"N",224,48,1,28.2,1,0.5,8.49,0,1,42.44,2.5,0
2,2026-01-01 00:30:22.000000,2026-01-01 00:35:30.000000,2,0.88,1,"N",141,262,1,7.2,1,0.5,2.44,0,1,14.64,2.5,0
2,2026-01-01 00:36:51.000000,2026-01-01 00:47:47.000000,1,2.98,1,"N",262,170,1,16.3,1,0.5,5.51,0,1,27.56,2.5,0
2,2026-01-01 00:50:04.000000,2026-01-01 01:05:13.000000,1,1.54,1,"N",170,79,1,14.9,1,0.5,4.13,0,1,24.78,2.5,0
2,2026-01-01 00:08:34.000000,2026-01-01 00:35:53.000000,1,18.25,2,"N",132,263,1,70,0,0.5,16.19,6.94,1,98.88,2.5,1.75
2,2026-01-01 00:39:49.000000,2026-01-01 00:44:03.000000,1,0.63,1,"N",75,75,1,5.8,1,0.5,1.66,0,1,9.96,0,0
2,2026-01-01 00:13:39.000000,2026-01-01 00:20:25.000000,2,0.89,1,"N",239,142,2,8.6,1,0.5,0,0,1,14.35,2.5,0
2,2026-01-01 00:32:46.000000,2026-01-01 00:41:52.000000,1,1.54,1,"N",24,74,2,11.4,1,0.5,0,0,1,13.9,0,0
2,2026-01-01 00:23:22.000000,2026-01-01 00:28:35.000000,1,0.78,1,"N",236,163,1,7.2,1,0.5,2,0,1,14.2,2.5,0
1,2026-01-01 00:33:24.000000,2026-01-01 01:04:46.000000,2,3.7,1,"N",237,144,1,25.4,4.25,0.5,6.25,0,1,37.4,2.5,0
2,2026-01-01 00:22:06.000000,2026-01-01 00:36:33.000000,2,1.49,1,"N",158,107,1,13.5,1,0.5,3.85,0,1,23.1,2.5,0
2,2026-01-01 00:41:01.000000,2026-01-01 00:56:18.000000,3,2.11,1,"N",170,249,1,14.9,1,0.5,4.13,0,1,24.78,2.5,0
2,2026-01-01 00:57:12.000000,2026-01-01 01:34:30.000000,1,3.34,1,"N",158,143,1,31.7,1,0.5,9.36,0,1,46.81,2.5,0
2,2026-01-01 00:40:56.000000,2026-01-01 00:58:10.000000,1,2.16,1,"N",141,107,1,17,1,0.5,0,0,1,22.75,2.5,0
1,2026-01-01 00:17:31.000000,2026-01-01 00:32:45.000000,2,2.1,1,"N",141,143,1,14.9,4.25,0.5,4.1,0,1,24.75,2.5,0
2,2026-01-01 00:54:05.000000,2026-01-01 01:06:48.000000,1,1.58,1,"N",209,114,1,12.8,1,0.5,3.71,0,1,22.26,2.5,0
2,2026-01-01 00:41:31.000000,2026-01-01 00:55:19.000000,1,1.78,1,"N",170,237,2,14.2,1,0.5,0,0,1,19.95,2.5,0
1,2026-01-01 00:26:03.000000,2026-01-01 00:36:05.000000,1,1.4,1,"N",249,231,1,10.7,4.25,0.5,3.3,0,1,19.75,2.5,0
1,2026-01-01 00:38:36.000000,2026-01-01 00:52:18.000000,1,2.7,1,"N",231,68,1,14.2,4.25,0.5,3.59,0,1,23.54,2.5,0
1,2026-01-01 00:10:41.000000,2026-01-01 00:12:10.000000,1,0.6,1,"N",239,151,1,5.1,3.5,0.5,2,0,1,12.1,2.5,0
1,2026-01-01 00:15:46.000000,2026-01-01 00:27:58.000000,1,5,1,"N",238,243,1,21.9,1,0.5,2.44,0,1,26.84,0,0
1,2026-01-01 00:42:06.000000,2026-01-01 00:55:01.000000,1,2.2,1,"N",238,263,1,12.8,3.5,0.5,5.35,0,1,23.15,2.5,0
1,2026-01-01 00:58:07.000000,2026-01-01 01:02:05.000000,1,1.1,1,"N",262,140,1,6.5,3.5,0.5,2.3,0,1,13.8,2.5,0
2,2026-01-01 00:52:43.000000,2026-01-01 01:21:15.000000,2,3.89,1,"N",234,239,1,26.1,1,0.5,6.37,0,1,38.22,2.5,0
7,2026-01-01 00:20:29.000000,2026-01-01 00:20:29.000000,1,2.93,1,"N",142,263,1,17.7,0,0.5,6.81,0,1,29.51,2.5,0
7,2026-01-01 00:48:53.000000,2026-01-01 00:48:53.000000,1,2.05,1,"N",43,233,1,16.3,0,0.5,4.41,0,1,26.46,2.5,0
2,2026-01-01 00:15:03.000000,2026-01-01 00:31:05.000000,1,1.99,1,"N",140,170,1,14.9,1,0.5,4.13,0,1,24.78,2.5,0
2,2026-01-01 00:49:58.000000,2026-01-01 00:54:05.000000,1,0.59,1,"N",79,107,1,5.8,1,0.5,2.31,0,1,13.86,2.5,0
2,2026-01-01 00:58:10.000000,2026-01-01 01:02:31.000000,1,0.49,1,"N",107,79,1,6.5,1,0.5,2.5,0,1,14.75,2.5,0
2,2026-01-01 00:18:22.000000,2026-01-01 00:42:34.000000,1,15.99,1,"N",65,127,2,59.7,1,0.5,0,6.94,1,69.14,0,0
2,2026-01-01 00:35:53.000000,2026-01-01 00:51:41.000000,1,2.01,1,"N",163,107,2,15.6,1,0.5,0,0,1,21.35,2.5,0
2,2026-01-01 00:54:41.000000,2026-01-01 01:09:48.000000,1,1.34,1,"N",137,114,1,14.2,1,0.5,3.99,0,1,23.94,2.5,0
2,2026-01-01 00:24:36.000000,2026-01-01 00:29:06.000000,1,0.89,1,"N",140,262,1,7.2,1,0.5,1,0,1,13.2,2.5,0
2,2026-01-01 00:31:00.000000,2026-01-01 00:36:06.000000,1,1.13,1,"N",262,141,1,7.9,1,0.5,2,0,1,14.9,2.5,0
2,2026-01-01 00:34:04.000000,2026-01-01 00:59:04.000000,2,0.71,1,"N",161,161,2,20.5,1,0.5,0,0,1,26.25,2.5,0
2,2026-01-01 00:21:10.000000,2026-01-01 00:46:42.000000,1,4.5,1,"N",107,112,1,26.8,1,0.5,7.9,6.94,1,47.39,2.5,0
1,2026-01-01 00:36:44.000000,2026-01-01 00:45:33.000000,1,1.3,1,"N",114,137,1,9.3,4.25,0.5,3.75,0,1,18.8,2.5,0
1,2026-01-01 00:56:54.000000,2026-01-01 01:08:52.000000,1,1.3,1,"N",107,249,3,11.4,4.25,0.5,0,0,1,17.15,2.5,0
2,2026-01-01 00:12:25.000000,2026-01-01 00:29:13.000000,2,2.92,1,"N",79,33,1,19.1,1,0.5,4.97,0,1,29.82,2.5,0
2,2026-01-01 00:30:01.000000,2026-01-01 00:56:29.000000,1,6.45,1,"N",33,170,1,33.1,1,0.5,7.77,0,1,46.62,2.5,0
2,2026-01-01 00:09:49.000000,2026-01-01 00:21:10.000000,1,0.99,1,"N",162,170,1,11.4,1,0.5,5,0,1,22.15,2.5,0
2,2026-01-01 00:35:38.000000,2026-01-01 00:39:46.000000,2,0.51,1,"N",237,229,1,5.8,1,0.5,2.31,0,1,13.86,2.5,0
2,2026-01-01 00:41:50.000000,2026-01-01 00:52:05.000000,2,1.05,1,"N",229,48,1,10.7,1,0.5,3.29,0,1,19.74,2.5,0
1,2026-01-01 00:24:49.000000,2026-01-01 00:41:08.000000,1,1.9,1,"N",161,224,2,15.6,4.25,0.5,0,0,1,21.35,2.5,0
1,2026-01-01 00:58:11.000000,2026-01-01 01:23:34.000000,1,4.4,1,"N",113,263,1,24,4.25,0.5,2,0,1,31.75,2.5,0
1,2026-01-01 00:33:48.000000,2026-01-01 01:09:57.000000,1,6.6,1,"N",239,88,1,34.5,4.25,0.5,10.05,0,1,50.3,2.5,0
1,2026-01-01 00:21:34.000000,2026-01-01 00:34:41.000000,2,1.8,1,"N",237,262,2,12.8,3.5,0.5,0,0,1,17.8,2.5,0
1,2026-01-01 00:40:19.000000,2026-01-01 01:02:01.000000,1,4.5,1,"N",263,79,1,24,4.25,0.5,7.45,0,1,37.2,2.5,0
2,2026-01-01 00:35:45.000000,2026-01-01 00:43:34.000000,1,1.27,1,"N",144,125,1,9.3,1,0.5,3.01,0,1,18.06,2.5,0
2,2026-01-01 00:46:46.000000,2026-01-01 01:04:07.000000,1,2.48,1,"N",125,137,1,17,1,0.5,0,0,1,22.75,2.5,0
2,2026-01-01 00:11:25.000000,2026-01-01 00:19:35.000000,1,0.94,1,"N",113,137,1,9.3,1,0.5,1,0,1,16.05,2.5,0
1,2026-01-01 00:39:30.000000,2026-01-01 01:07:10.000000,1,6.7,1,"N",114,74,1,32.4,4.25,0.5,7.6,0,1,45.75,2.5,0
2,2026-01-01 00:36:00.000000,2026-01-01 00:40:30.000000,1,0.68,1,"N",142,239,1,6.5,1,0.5,2.3,0,1,13.8,2.5,0
2,2026-01-01 00:41:48.000000,2026-01-01 00:45:46.000000,1,0.99,1,"N",239,238,1,7.2,1,0.5,2.44,0,1,14.64,2.5,0
2,2026-01-01 00:47:04.000000,2026-01-01 00:51:34.000000,1,0.92,1,"N",238,239,1,7.2,1,0.5,4,0,1,16.2,2.5,0
2,2026-01-01 00:53:23.000000,2026-01-01 01:34:45.000000,1,5.86,1,"N",239,148,1,38.7,1,0.5,11.11,0,1,55.56,2.5,0
2,2026-01-01 00:18:08.000000,2026-01-01 00:34:39.000000,1,2.86,1,"N",140,164,2,18.4,1,0.5,0,0,1,24.15,2.5,0
2,2026-01-01 00:35:50.000000,2026-01-01 01:10:15.000000,1,4.54,1,"N",164,140,1,30.3,1,0.5,2,0,1,38.05,2.5,0
2,2026-01-01 00:34:15.000000,2026-01-01 00:51:48.000000,1,4.52,1,"N",237,260,1,22.6,1,0.5,4,0,1,32.35,2.5,0
1,2026-01-01 00:37:25.000000,2026-01-01 00:54:57.000000,1,3.8,1,"N",161,112,1,19.8,4.25,0.5,3,0,1,28.55,2.5,0
1,2026-01-01 00:21:03.000000,2026-01-01 00:54:16.000000,2,8.6,1,"N",68,257,1,38.7,4.25,0.5,12.85,6.94,1,64.24,2.5,0
2,2026-01-01 00:21:46.000000,2026-01-01 00:29:46.000000,1,1.7,1,"N",7,202,2,10,1,0.5,0,0,1,12.5,0,0
2,2026-01-01 00:37:59.000000,2026-01-01 00:45:22.000000,1,0.95,1,"N",144,113,1,8.6,1,0.5,2.87,0,1,17.22,2.5,0
2,2026-01-01 00:15:53.000000,2026-01-01 00:22:05.000000,1,1.73,1,"N",229,262,2,9.3,1,0.5,0,0,1,15.05,2.5,0
2,2026-01-01 00:33:28.000000,2026-01-01 00:45:41.000000,2,1.96,1,"N",262,142,2,13.5,1,0.5,0,0,1,18.5,2.5,0
2,2026-01-01 00:46:32.000000,2026-01-01 00:51:03.000000,2,0.83,1,"N",142,143,1,6.5,1,0.5,2.3,0,1,13.8,2.5,0
2,2026-01-01 00:20:47.000000,2026-01-01 00:43:23.000000,1,1.99,1,"N",113,170,1,19.8,1,0.5,5.11,0,1,30.66,2.5,0
2,2026-01-01 00:14:49.000000,2026-01-01 00:19:21.000000,3,0.52,1,"N",249,234,1,5.8,1,0.5,2.89,0,1,14.44,2.5,0
2,2026-01-01 00:34:40.000000,2026-01-01 00:47:23.000000,1,1.58,1,"N",234,125,1,12.8,1,0.5,3.71,0,1,22.26,2.5,0
2,2026-01-01 00:49:34.000000,2026-01-01 00:57:39.000000,3,1.35,1,"N",158,90,1,10,1,0.5,3.15,0,1,18.9,2.5,0
2,2026-01-01 00:06:59.000000,2026-01-01 00:11:19.000000,1,0.67,1,"N",239,142,1,6.5,1,0.5,2.3,0,1,13.8,2.5,0
2,2026-01-01 00:29:50.000000,2026-01-01 00:43:14.000000,4,3.24,1,"N",43,74,1,17,1,0.5,0,0,1,22,2.5,0
2,2026-01-01 00:46:16.000000,2026-01-01 00:57:07.000000,1,1.94,1,"N",74,151,1,12.8,1,0.5,3,0,1,18.3,0,0
2,2025-12-31 23:57:29.000000,2025-12-31 23:57:32.000000,2,0.01,2,"N",132,264,3,-70,0,-0.5,0,0,-1,-71.5,0,0
2,2025-12-31 23:57:29.000000,2025-12-31 23:57:32.000000,2,0.01,2,"N",132,264,3,70,0,0.5,0,0,1,71.5,0,0
2,2025-12-31 23:58:58.000000,2026-01-01 01:04:39.000000,2,40.14,3,"N",132,1,2,167.2,1,0,0,27,1,198.7,0,1.75
2,2026-01-01 00:15:23.000000,2026-01-01 00:21:24.000000,2,1.83,1,"N",141,229,1,10.7,1,0.5,3.29,0,1,19.74,2.5,0
2,2026-01-01 00:26:10.000000,2026-01-01 00:45:41.000000,2,2.63,1,"N",140,50,1,19.1,1,0.5,4.97,0,1,29.82,2.5,0
2,2026-01-01 00:48:50.000000,2026-01-01 00:56:28.000000,1,0.97,1,"N",50,246,1,9.3,1,0.5,1.5,0,1,16.55,2.5,0
2,2026-01-01 00:24:45.000000,2026-01-01 00:46:46.000000,2,5.29,1,"N",79,75,2,25.4,1,0.5,0,0,1,31.15,2.5,0
2,2026-01-01 00:13:34.000000,2026-01-01 00:19:49.000000,1,0.89,1,"N",170,229,1,7.2,1,0.5,2.59,0,1,15.54,2.5,0
2,2026-01-01 00:24:20.000000,2026-01-01 00:33:28.000000,1,1.1,1,"N",209,87,1,9.3,1,0.5,3.01,0,1,18.06,2.5,0
2,2026-01-01 00:40:38.000000,2026-01-01 01:25:09.000000,1,6.79,1,"N",261,239,1,43.6,1,0.5,14.8,0,1,64.15,2.5,0
2,2026-01-01 00:51:49.000000,2026-01-01 01:01:30.000000,1,2.58,1,"N",142,166,1,13.5,1,0.5,3.7,0,1,22.2,2.5,0
2,2026-01-01 00:32:59.000000,2026-01-01 00:41:30.000000,1,1.42,1,"N",263,140,1,10,1,0.5,3,0,1,18,2.5,0
2,2026-01-01 00:08:42.000000,2026-01-01 00:39:22.000000,1,2.9,1,"N",249,50,1,26.1,1,0.5,7.96,0,1,39.81,2.5,0
2,2026-01-01 00:43:33.000000,2026-01-01 01:15:06.000000,2,4.96,1,"N",48,145,1,31,1,0.5,3.68,0,1,40.43,2.5,0
2,2026-01-01 00:42:43.000000,2026-01-01 01:05:30.000000,1,4.21,1,"N",158,33,1,24.7,1,0.5,3,0,1,33.45,2.5,0
2,2026-01-01 00:24:40.000000,2026-01-01 00:35:12.000000,1,2.07,1,"N",48,238,1,12.8,1,0.5,3.71,0,1,22.26,2.5,0
2,2026-01-01 00:38:26.000000,2026-01-01 00:42:31.000000,1,0.9,1,"N",239,142,1,6.5,1,0.5,1.72,0,1,13.22,2.5,0
1,2026-01-01 00:10:05.000000,2026-01-01 00:29:35.000000,1,2.3,1,"N",148,170,1,17,4.25,0.5,4.55,0,1,27.3,2.5,0
1,2026-01-01 00:39:40.000000,2026-01-01 00:52:15.000000,1,1.9,1,"N",162,262,1,12.1,4.25,0.5,3.55,0,1,21.4,2.5,0
2,2026-01-01 00:18:32.000000,2026-01-01 00:33:40.000000,1,2.42,1,"N",142,237,1,16.3,1,0.5,5.33,0,1,26.63,2.5,0
