"VendorID","tpep_pickup_datetime","tpep_dropoff_datetime","passenger_count","trip_distance","RatecodeID","store_and_fwd_flag","PULocationID","DOLocationID","payment_type","fare_amount","extra","mta_tax","tip_amount","tolls_amount","improvement_surcharge","total_amount","congestion_surcharge","Airport_fee"
2,2024-01-01 00:57:55.000000,2024-01-01 01:17:43.000000,1,1.72,1,"N",186,79,2,17.7,1,0.5,0,0,1,22.7,2.5,0
1,2024-01-01 00:03:00.000000,2024-01-01 00:09:36.000000,1,1.8,1,"N",140,236,1,10,3.5,0.5,3.75,0,1,18.75,2.5,0
1,2024-01-01 00:17:06.000000,2024-01-01 00:35:01.000000,1,4.7,1,"N",236,79,1,23.3,3.5,0.5,3,0,1,31.3,2.5,0
1,2024-01-01 00:36:38.000000,2024-01-01 00:44:56.000000,1,1.4,1,"N",79,211,1,10,3.5,0.5,2,0,1,17,2.5,0
1,2024-01-01 00:46:51.000000,2024-01-01 00:52:57.000000,1,0.8,1,"N",211,148,1,7.9,3.5,0.5,3.2,0,1,16.1,2.5,0
1,2024-01-01 00:54:08.000000,2024-01-01 01:26:31.000000,1,4.7,1,"N",148,141,1,29.6,3.5,0.5,6.9,0,1,41.5,2.5,0
2,2024-01-01 00:49:44.000000,2024-01-01 01:15:47.000000,2,10.82,1,"N",138,181,1,45.7,6,0.5,10,0,1,64.95,0,1.75
1,2024-01-01 00:30:40.000000,2024-01-01 00:58:40.000000,0,3,1,"N",246,231,2,25.4,3.5,0.5,0,0,1,30.4,2.5,0
2,2024-01-01 00:26:01.000000,2024-01-01 00:54:12.000000,1,5.44,1,"N",161,261,2,31,1,0.5,0,0,1,36,2.5,0
2,2024-01-01 00:28:08.000000,2024-01-01 00:29:16.000000,1,0.04,1,"N",113,113,2,3,1,0.5,0,0,1,8,2.5,0
2,2024-01-01 00:35:22.000000,2024-01-01 00:41:41.000000,2,0.75,1,"N",107,137,1,7.9,1,0.5,0,0,1,12.9,2.5,0
1,2024-01-01 00:25:00.000000,2024-01-01 00:34:03.000000,2,1.2,1,"N",158,246,1,14.9,3.5,0.5,3.95,0,1,23.85,2.5,0
1,2024-01-01 00:35:16.000000,2024-01-01 01:11:52.000000,2,8.2,1,"N",246,190,1,59,3.5,0.5,14.15,6.94,1,85.09,2.5,0
1,2024-01-01 00:43:27.000000,2024-01-01 00:47:11.000000,2,0.4,1,"N",68,90,1,5.8,3.5,0.5,1.25,0,1,12.05,2.5,0
1,2024-01-01 00:51:53.000000,2024-01-01 00:55:43.000000,1,0.8,1,"N",90,68,2,6.5,3.5,0.5,0,0,1,11.5,2.5,0
1,2024-01-01 00:50:09.000000,2024-01-01 01:03:57.000000,1,5,1,"N",132,216,2,21.2,2.75,0.5,0,0,1,25.45,0,1.75
1,2024-01-01 00:41:06.000000,2024-01-01 00:53:42.000000,1,1.5,1,"N",164,79,1,12.8,3.5,0.5,4.45,0,1,22.25,2.5,0
2,2024-01-01 00:52:09.000000,2024-01-01 00:52:28.000000,1,0,1,"N",237,237,2,3,1,0.5,0,0,1,8,2.5,0
2,2024-01-01 00:56:38.000000,2024-01-01 01:03:17.000000,1,1.5,1,"N",141,263,1,9.3,1,0.5,3,0,1,17.3,2.5,0
2,2024-01-01 00:32:34.000000,2024-01-01 00:49:33.000000,1,2.57,1,"N",161,263,1,17.7,1,0.5,10,0,1,32.7,2.5,0
2,2024-01-01 00:52:30.000000,2024-01-01 00:57:37.000000,1,0.66,1,"N",263,236,1,6.5,1,0.5,2.88,0,1,14.38,2.5,0
1,2024-01-01 00:36:30.000000,2024-01-01 01:13:53.000000,2,1.7,1,"N",246,170,1,29.6,3.5,0.5,6.9,0,1,41.5,2.5,0
2,2024-01-01 00:44:24.000000,2024-01-01 00:51:57.000000,1,0.94,1,"N",158,113,1,8.6,1,0.5,2.72,0,1,16.32,2.5,0
1,2024-01-01 00:14:29.000000,2024-01-01 00:14:29.000000,1,0,1,"N",236,264,2,3,3.5,0.5,0,0,1,8,2.5,0
1,2024-01-01 00:42:05.000000,2024-01-01 01:16:49.000000,1,23.9,5,"N",263,265,1,120,0,0,0,6.94,1,127.94,0,0
2,2024-01-01 00:12:35.000000,2024-01-01 00:19:21.000000,2,1.08,1,"N",148,4,1,8.6,1,0.5,2.72,0,1,16.32,2.5,0
2,2024-01-01 00:20:11.000000,2024-01-01 00:42:53.000000,1,5.88,1,"N",4,238,1,28.9,1,0.5,2.5,0,1,36.4,2.5,0
2,2024-01-01 00:44:01.000000,2024-01-01 00:54:31.000000,2,2.22,1,"N",238,50,1,13.5,1,0.5,0,0,1,18.5,2.5,0
1,2024-01-01 00:08:12.000000,2024-01-01 00:41:08.000000,1,5.1,1,"N",239,114,2,28.9,3.5,0.5,0,0,1,33.9,2.5,0
2,2024-01-01 00:36:25.000000,2024-01-01 00:47:26.000000,2,2.09,1,"N",233,79,1,12.8,1,0.5,3.56,0,1,21.36,2.5,0
2,2024-01-01 00:49:31.000000,2024-01-01 01:35:41.000000,2,8.89,1,"N",79,41,1,47.8,1,0.5,7.92,0,1,60.72,2.5,0
1,2024-01-01 00:15:34.000000,2024-01-01 00:28:51.000000,2,2.1,1,"N",162,143,1,14.2,3.5,0.5,3.8,0,1,23,2.5,0
2,2024-01-01 00:15:26.000000,2024-01-01 00:33:57.000000,1,11.51,1,"N",262,171,1,44.3,1,0.5,11.25,6.94,1,67.49,2.5,0
2,2024-01-01 00:18:36.000000,2024-01-01 00:40:49.000000,1,1.79,1,"N",239,68,2,19.8,1,0.5,0,0,1,24.8,2.5,0
1,2024-01-01 00:09:17.000000,2024-01-01 00:16:55.000000,2,2.5,1,"N",137,140,2,12.1,3.5,0.5,0,0,1,17.1,2.5,0
1,2024-01-01 00:21:40.000000,2024-01-01 00:27:05.000000,1,1.6,1,"N",140,229,1,9.3,3.5,0.5,3.55,0,1,17.85,2.5,0
1,2024-01-01 00:39:03.000000,2024-01-01 00:44:28.000000,4,1.1,1,"N",236,238,1,7.9,3.5,0.5,0,0,1,12.9,2.5,0
1,2024-01-01 00:45:51.000000,2024-01-01 00:49:43.000000,2,0.7,1,"N",238,142,1,6.5,3.5,0.5,2.3,0,1,13.8,2.5,0
1,2024-01-01 00:50:46.000000,2024-01-01 00:57:26.000000,2,1.1,1,"N",142,239,4,8.6,3.5,0.5,0,0,1,13.6,2.5,0
2,2024-01-01 00:09:49.000000,2024-01-01 00:22:00.000000,1,2.96,1,"N",229,249,1,14.9,1,0.5,3.98,0,1,23.88,2.5,0
2,2024-01-01 00:36:44.000000,2024-01-01 00:54:40.000000,1,1.2,1,"N",186,48,1,16.3,1,0.5,4.26,0,1,25.56,2.5,0
2,2024-01-01 00:58:11.000000,2024-01-01 01:24:47.000000,1,2.42,1,"N",68,125,1,23.3,1,0.5,0,0,1,28.3,2.5,0
2,2024-01-01 00:24:41.000000,2024-01-01 00:54:01.000000,1,5.28,1,"N",113,238,1,31,1,0.5,7.2,0,1,43.2,2.5,0
2,2024-01-01 00:55:58.000000,2024-01-01 01:03:54.000000,1,1.47,1,"N",238,142,1,10,1,0.5,2,0,1,17,2.5,0
2,2024-01-01 00:19:36.000000,2024-01-01 00:31:57.000000,3,2.41,1,"N",239,236,1,14.2,1,0.5,3.84,0,1,23.04,2.5,0
2,2024-01-01 00:45:44.000000,2024-01-01 00:51:25.000000,4,1.04,1,"N",142,163,2,7.9,1,0.5,0,0,1,12.9,2.5,0
2,2024-01-01 00:55:21.000000,2024-01-01 01:12:17.000000,4,2.41,1,"N",163,140,1,17.7,1,0.5,4.54,0,1,27.24,2.5,0
2,2024-01-01 00:05:45.000000,2024-01-01 00:17:29.000000,1,1.06,1,"N",246,90,2,11.4,1,0.5,0,0,1,16.4,2.5,0
2,2024-01-01 00:18:38.000000,2024-01-01 00:26:09.000000,1,0.83,1,"N",234,170,1,8.6,1,0.5,3.4,0,1,17,2.5,0
2,2024-01-01 00:38:58.000000,2024-01-01 00:53:37.000000,1,1.94,1,"N",114,79,1,14.9,1,0.5,3.98,0,1,23.88,2.5,0
2,2024-01-01 00:58:18.000000,2024-01-01 01:11:51.000000,1,2.23,1,"N",79,229,1,14.2,1,0.5,2,0,1,21.2,2.5,0
2,2024-01-01 00:14:43.000000,2024-01-01 00:20:30.000000,1,0.78,1,"N",142,239,1,7.2,1,0.5,3.05,0,1,15.25,2.5,0
2,2024-01-01 00:22:44.000000,2024-01-01 00:35:03.000000,1,2.02,1,"N",239,262,1,14.2,1,0.5,3,0,1,22.2,2.5,0
2,2024-01-01 00:50:08.000000,2024-01-01 01:00:50.000000,1,0.57,1,"N",163,163,2,9.3,1,0.5,0,0,1,14.3,2.5,0
2,2024-01-01 00:36:26.000000,2024-01-01 01:08:23.000000,1,11.48,1,"N",148,244,1,47.8,1,0.5,10.56,0,1,63.36,2.5,0
2,2024-01-01 00:13:52.000000,2024-01-01 00:29:41.000000,1,8.89,1,"N",138,107,1,35.2,6,0.5,10.43,6.94,1,64.32,2.5,1.75
2,2024-01-01 00:40:01.000000,2024-01-01 01:18:26.000000,2,5.27,1,"N",232,246,1,38,1,0.5,8.6,0,1,51.6,2.5,0
1,2024-01-01 00:24:31.000000,2024-01-01 00:41:04.000000,1,6.6,1,"N",142,244,2,28.2,3.5,0.5,0,0,1,33.2,2.5,0
2,2024-01-01 00:09:29.000000,2024-01-01 00:24:42.000000,1,3.91,1,"N",140,202,2,19.1,1,0.5,0,0,1,24.1,2.5,0
2,2024-01-01 00:34:30.000000,2024-01-01 00:43:24.000000,2,1.24,1,"N",249,79,1,10,1,0.5,3.75,0,1,18.75,2.5,0
2,2024-01-01 00:45:26.000000,2024-01-01 01:23:16.000000,2,5.35,1,"N",79,48,1,34.5,1,0.5,6.08,0,1,45.58,2.5,0
1,2024-01-01 00:14:47.000000,2024-01-01 00:40:55.000000,1,3,1,"N",43,68,2,21.9,3.5,0.5,0,0,1,26.9,2.5,0
1,2024-01-01 00:47:51.000000,2024-01-01 01:21:04.000000,1,3.8,1,"N",246,145,1,27.5,3.5,0.5,7.9,6.94,1,47.34,2.5,0
2,2024-01-01 00:32:03.000000,2024-01-01 00:54:57.000000,2,1.69,1,"N",161,90,1,19.8,1,0.5,1,0,1,25.8,2.5,0
1,2024-01-01 00:38:04.000000,2024-01-01 00:42:53.000000,2,0.7,1,"N",143,142,1,6.5,3.5,0.5,2,0,1,13.5,2.5,0
1,2024-01-01 00:48:30.000000,2024-01-01 01:03:44.000000,1,0.8,1,"N",48,68,2,13.5,3.5,0.5,0,0,1,18.5,2.5,0
2,2024-01-01 00:18:51.000000,2024-01-01 00:33:03.000000,1,2.14,1,"N",249,232,1,14.9,1,0.5,5.97,0,1,25.87,2.5,0
2,2024-01-01 00:39:51.000000,2024-01-01 00:48:56.000000,2,1.79,1,"N",148,249,1,11.4,1,0.5,4.92,0,1,21.32,2.5,0
1,2024-01-01 00:57:24.000000,2024-01-01 01:06:53.000000,2,1.2,1,"N",148,107,1,10.7,3.5,0.5,2.36,0,1,18.06,2.5,0
2,2024-01-01 00:44:37.000000,2024-01-01 00:56:29.000000,2,1.01,1,"N",68,107,1,11.4,1,0.5,4.1,0,1,20.5,2.5,0
2,2024-01-01 00:39:47.000000,2024-01-01 01:00:24.000000,1,2.21,1,"N",237,137,1,18.4,1,0.5,4.68,0,1,28.08,2.5,0
2,2024-01-01 00:13:55.000000,2024-01-01 00:27:27.000000,1,2.12,1,"N",234,148,1,14.2,1,0.5,3.84,0,1,23.04,2.5,0
2,2024-01-01 00:33:00.000000,2024-01-01 00:51:54.000000,1,3.6,1,"N",148,141,1,19.8,1,0.5,4.96,0,1,29.76,2.5,0
2,2024-01-01 00:29:21.000000,2024-01-01 00:34:32.000000,2,0.67,1,"N",237,236,1,7.2,1,0.5,2.44,0,1,14.64,2.5,0
2,2024-01-01 00:36:09.000000,2024-01-01 01:08:16.000000,1,2.88,1,"N",236,137,1,27.5,1,0.5,6.5,0,1,39,2.5,0
2,2024-01-01 00:46:16.000000,2024-01-01 01:20:10.000000,1,20.85,2,"N",132,239,1,70,0,0.5,0,6.94,1,82.69,2.5,1.75
2,2024-01-01 00:14:52.000000,2024-01-01 00:17:38.000000,5,0.55,1,"N",239,143,1,5.1,1,0.5,1.52,0,1,11.62,2.5,0
2,2024-01-01 00:22:06.000000,2024-01-01 00:51:28.000000,5,3.1,1,"N",143,170,1,26.8,1,0.5,6.36,0,1,38.16,2.5,0
1,2024-01-01 00:27:23.000000,2024-01-01 00:35:26.000000,4,1,1,"N",43,161,1,9.3,3.5,0.5,5,0,1,19.3,2.5,0
1,2024-01-01 00:45:38.000000,2024-01-01 01:01:57.000000,2,1.8,1,"N",161,236,1,16.3,3.5,0.5,4.26,0,1,25.56,2.5,0
2,2024-01-01 00:21:22.000000,2024-01-01 00:45:26.000000,1,1.88,1,"N",234,162,2,20.5,1,0.5,0,0,1,25.5,2.5,0
2,2024-01-01 00:52:30.000000,2024-01-01 01:10:29.000000,1,1.84,1,"N",162,113,1,16.3,1,0.5,5.33,0,1,26.63,2.5,0
2,2024-01-01 00:08:48.000000,2024-01-01 00:09:33.000000,1,0.05,1,"N",246,68,1,3,1,0.5,0.08,0,1,8.08,2.5,0
2,2024-01-01 00:33:59.000000,2024-01-01 00:39:53.000000,1,0.71,1,"N",48,142,1,7.2,1,0.5,3.66,0,1,15.86,2.5,0
1,2024-01-01 00:27:13.000000,2024-01-01 00:29:51.000000,2,0.2,1,"N",170,233,1,4.4,3.5,0.5,0,0,1,9.4,2.5,0
1,2024-01-01 00:50:29.000000,2024-01-01 01:42:04.000000,4,2.3,1,"N",43,186,2,40.1,3.5,0.5,0,0,1,45.1,2.5,0
1,2024-01-01 00:54:24.000000,2024-01-01 01:28:53.000000,1,9.5,1,"N",233,181,1,44.3,3.5,0.5,9.85,0,1,59.15,2.5,0
2,2024-01-01 00:27:02.000000,2024-01-01 01:03:56.000000,1,5.91,1,"N",262,244,1,35.2,1,0.5,8.04,0,1,48.24,2.5,0
2,2024-01-01 00:21:00.000000,2024-01-01 00:46:17.000000,1,1.51,1,"N",68,50,1,21.2,1,0.5,4.74,0,1,28.44,0,0
2,2024-01-01 00:50:40.000000,2024-01-01 01:13:44.000000,1,1.11,1,"N",50,233,2,20.5,1,0.5,0,0,1,23,0,0
2,2024-01-01 00:07:59.000000,2024-01-01 00:14:37.000000,1,1.52,1,"N",137,141,1,9.3,1,0.5,2.86,0,1,17.16,2.5,0
2,2024-01-01 00:30:53.000000,2024-01-01 00:40:38.000000,1,3.04,1,"N",170,148,1,14.9,1,0.5,3.98,0,1,23.88,2.5,0
1,2024-01-01 00:20:39.000000,2024-01-01 00:33:30.000000,2,2.1,1,"N",79,170,1,12.8,3.5,0.5,0,0,1,17.8,2.5,0
2,2024-01-01 00:19:39.000000,2024-01-01 00:41:38.000000,1,1.55,1,"N",68,50,2,19.1,1,0.5,0,0,1,24.1,2.5,0
2,2024-01-01 00:42:43.000000,2024-01-01 00:50:49.000000,1,2,1,"N",50,238,1,10.7,1,0.5,3.14,0,1,18.84,2.5,0
2,2024-01-01 00:54:16.000000,2024-01-01 01:27:40.000000,1,13.74,1,"N",239,95,1,56.9,1,0.5,13.77,6.94,1,82.61,2.5,0
2,2024-01-01 00:13:58.000000,2024-01-01 00:33:39.000000,1,4.2,1,"N",148,237,1,21.9,1,0.5,5.38,0,1,32.28,2.5,0
2,2024-01-01 00:35:53.000000,2024-01-01 00:47:59.000000,1,1.14,1,"N",237,233,1,11.4,1,0.5,3.28,0,1,19.68,2.5,0
2,2024-01-01 00:50:28.000000,2024-01-01 01:38:39.000000,1,20.34,1,"N",132,26,1,80,1,0.5,2,0,1,86.25,0,1.75
2,2024-01-01 00:18:24.000000,2024-01-01 00:30:39.000000,1,2.16,1,"N",249,232,4,-13.5,-1,-0.5,0,0,-1,-18.5,-2.5,0
2,2024-01-01 00:18:24.000000,2024-01-01 00:30:39.000000,1,2.16,1,"N",249,232,4,13.5,1,0.5,0,0,1,18.5,2.5,0
2,2024-01-01 00:39:59.000000,2024-01-01 00:54:14.000000,1,2.88,1,"N",148,229,1,15.6,1,0.5,5.15,0,1,25.75,2.5,0
2,2024-01-01 00:34:59.000000,2024-01-01 00:36:57.000000,2,0.68,1,"N",237,236,1,5.1,1,0.5,2.02,0,1,12.12,2.5,0
2,2024-01-01 00:47:21.000000,2024-01-01 00:51:58.000000,2,1.13,1,"N",238,166,1,7.9,1,0.5,2.58,0,1,15.48,2.5,0
2,2024-01-01 00:57:57.000000,2024-01-01 01:09:57.000000,2,2.17,1,"N",151,42,1,14.2,1,0.5,3.34,0,1,20.04,0,0
2,2024-01-01 00:06:53.000000,2024-01-01 00:20:39.000000,1,2.41,1,"N",68,13,2,15.6,1,0.5,0,0,1,20.6,2.5,0
2,2024-01-01 00:27:18.000000,2024-01-01 00:51:09.000000,1,3.47,1,"N",13,246,2,24.7,1,0.5,0,0,1,29.7,2.5,0
2,2024-01-01 00:36:55.000000,2024-01-01 00:44:56.000000,1,1.23,1,"N",90,68,1,9.3,1,0.5,2.86,0,1,17.16,2.5,0
1,2024-01-01 00:12:51.000000,2024-01-01 00:19:00.000000,1,0.9,1,"N",43,162,2,7.2,3.5,0.5,0,0,1,12.2,2.5,0
1,2024-01-01 00:22:21.000000,2024-01-01 00:27:28.000000,1,0.9,1,"N",229,140,1,7.2,3.5,0.5,2.4,0,1,14.6,2.5,0
1,2024-01-01 00:34:23.000000,2024-01-01 00:46:04.000000,1,1.5,1,"N",237,162,1,12.1,3.5,0.5,3.4,0,1,20.5,2.5,0
1,2024-01-01 00:58:50.000000,2024-01-01 01:01:10.000000,1,0,1,"N",162,162,1,4.4,3.5,0.5,2,0,1,11.4,2.5,0
1,2024-01-01 00:36:46.000000,2024-01-01 01:06:46.000000,1,6.2,1,"N",66,146,1,32.4,1,0.5,4.5,0,1,39.4,0,0
2,2024-01-01 00:29:22.000000,2024-01-01 00:54:36.000000,1,7.28,1,"N",24,79,1,34.5,1,0.5,11.85,0,1,51.35,2.5,0
2,2024-01-01 00:56:42.000000,2024-01-01 01:01:42.000000,1,0.78,1,"N",79,114,2,7.2,1,0.5,0,0,1,12.2,2.5,0
2,2024-01-01 00:13:19.000000,2024-01-01 00:19:47.000000,1,0.67,1,"N",237,161,1,7.9,1,0.5,3.87,0,1,16.77,2.5,0
2,2024-01-01 00:34:33.000000,2024-01-01 00:38:44.000000,1,0.77,1,"N",237,237,1,6.5,1,0.5,1.72,0,1,13.22,2.5,0
2,2024-01-01 00:45:10.000000,2024-01-01 01:13:34.000000,1,5.96,1,"N",236,244,1,31.7,1,0.5,9.18,0,1,45.88,2.5,0
2,2024-01-01 00:12:51.000000,2024-01-01 00:48:05.000000,1,4.35,1,"N",144,143,1,32.4,1,0.5,7.48,0,1,44.88,2.5,0
2,2024-01-01 00:49:42.000000,2024-01-01 00:51:33.000000,1,0.44,1,"N",142,143,1,4.4,1,0.5,1.88,0,1,11.28,2.5,0
2,2024-01-01 00:53:36.000000,2024-01-01 01:19:34.000000,1,5.68,1,"N",239,7,1,28.9,1,0.5,8.47,0,1,42.37,2.5,0
1,2024-01-01 00:20:45.000000,2024-01-01 00:27:52.000000,1,1,1,"N",263,236,1,8.6,3.5,0.5,2.7,0,1,16.3,2.5,0
1,2024-01-01 00:34:00.000000,2024-01-01 00:56:49.000000,2,2.9,1,"N",43,264,1,21.2,3.5,0.5,3.93,0,1,30.13,2.5,0
2,2024-01-01 00:41:05.000000,2024-01-01 01:01:52.000000,1,3.58,1,"N",79,141,1,20.5,1,0.5,3.3,0,1,28.8,2.5,0
1,2024-01-01 00:15:42.000000,2024-01-01 00:23:31.000000,2,1.3,1,"N",143,238,1,10,3.5,0.5,0,0,1,15,2.5,0
2,2024-01-01 00:10:57.000000,2024-01-01 00:20:51.000000,1,2.77,1,"N",142,166,1,13.5,1,0.5,5.55,0,1,24.05,2.5,0
2,2024-01-01 00:39:46.000000,2024-01-01 00:45:48.000000,2,1.17,1,"N",239,236,1,8.6,1,0.5,2.72,0,1,16.32,2.5,0
2,2024-01-01 00:05:17.000000,2024-01-01 00:12:13.000000,1,1.12,1,"N",79,107,1,8.6,1,0.5,2.72,0,1,16.32,2.5,0
2,2024-01-01 00:17:19.000000,2024-01-01 00:30:41.000000,1,1.39,1,"N",79,90,1,12.8,1,0.5,5.34,0,1,23.14,2.5,0
2,2024-01-01 00:36:06.000000,2024-01-01 00:49:38.000000,1,1.31,1,"N",90,246,1,12.8,1,0.5,3.56,0,1,21.36,2.5,0
2,2024-01-01 00:18:52.000000,2024-01-01 00:21:54.000000,1,0.75,1,"N",238,239,1,5.8,1,0.5,1.08,0,1,11.88,2.5,0
2,2024-01-01 00:26:47.000000,2024-01-01 00:31:02.000000,1,1.02,1,"N",239,151,1,7.2,1,0.5,2,0,1,14.2,2.5,0
2,2024-01-01 00:32:54.000000,2024-01-01 00:42:07.000000,1,1.54,1,"N",151,143,1,10.7,1,0.5,3.14,0,1,18.84,2.5,0
2,2024-01-01 00:43:00.000000,2024-01-01 00:46:13.000000,1,0.62,1,"N",143,239,1,5.8,1,0.5,2,0,1,12.8,2.5,0
2,2024-01-01 00:47:48.000000,2024-01-01 01:22:48.000000,1,4.14,1,"N",239,249,1,31.7,1,0.5,7.34,0,1,44.04,2.5,0
2,2024-01-01 00:22:31.000000,2024-01-01 00:33:52.000000,1,2.35,1,"N",229,113,1,13.5,1,0.5,4.62,0,1,23.12,2.5,0
2,2024-01-01 00:49:19.000000,2024-01-01 00:53:34.000000,2,0.53,1,"N",90,186,1,5.8,1,0.5,2.16,0,1,12.96,2.5,0
2,2024-01-01 00:06:29.000000,2024-01-01 00:31:26.000000,2,16.4,2,"N",132,170,2,70,0,0.5,0,6.94,1,82.69,2.5,1.75
2,2024-01-01 00:37:25.000000,2024-01-01 01:04:46.000000,1,3.05,1,"N",170,143,1,24.7,1,0.5,5.94,0,1,35.64,2.5,0
2,2024-01-01 00:12:22.000000,2024-01-01 00:20:13.000000,3,0.95,1,"N",229,163,1,8.6,1,0.5,2.72,0,1,16.32,2.5,0
2,2024-01-01 00:22:57.000000,2024-01-01 01:03:02.000000,2,4.72,1,"N",163,144,1,35.2,1,0.5,0,0,1,40.2,2.5,0
2,2024-01-01 00:30:09.000000,2024-01-01 00:58:27.000000,1,4.47,1,"N",170,239,1,27.5,1,0.5,6.5,0,1,39,2.5,0
2,2024-01-01 00:24:33.000000,2024-01-01 00:38:04.000000,3,1.16,1,"N",163,170,1,12.8,1,0.5,4.45,0,1,22.25,2.5,0
2,2024-01-01 00:48:29.000000,2024-01-01 00:57:53.000000,3,1.91,1,"N",229,263,2,11.4,1,0.5,0,0,1,16.4,2.5,0
1,2024-01-01 00:21:23.000000,2024-01-01 00:40:56.000000,2,6.4,1,"N",163,88,1,29.6,3.5,0.5,2,0,1,36.6,2.5,0
1,2024-01-01 00:45:20.000000,2024-01-01 01:16:40.000000,2,8.2,1,"N",88,177,1,38.7,3.5,0.5,5,0,1,48.7,2.5,0
1,2024-01-01 00:58:52.000000,2024-01-01 01:23:11.000000,1,2.8,1,"N",162,144,1,18.4,3.5,0.5,5,0,1,28.4,2.5,0
2,2024-01-01 00:22:29.000000,2024-01-01 00:41:57.000000,1,3.71,1,"N",249,97,1,21.2,1,0.5,5.24,0,1,31.44,2.5,0
2,2024-01-01 00:57:39.000000,2024-01-01 01:15:11.000000,2,2.4,1,"N",148,162,1,17,1,0.5,4.4,0,1,26.4,2.5,0
2,2024-01-01 00:14:59.000000,2024-01-01 00:55:49.000000,3,3.86,1,"N",246,209,1,33.1,1,0.5,7.62,0,1,45.72,2.5,0
1,2024-01-01 00:09:01.000000,2024-01-01 00:17:28.000000,1,1.9,1,"N",263,74,1,10.7,3.5,0.5,3.1,0,1,18.8,2.5,0
1,2024-01-01 00:32:29.000000,2024-01-01 00:35:53.000000,1,0.6,1,"N",263,141,1,5.8,3.5,0.5,2.15,0,1,12.95,2.5,0
1,2024-01-01 00:58:53.000000,2024-01-01 01:08:36.000000,1,1.9,1,"N",263,238,1,11.4,3.5,0.5,3.25,0,1,19.65,2.5,0
2,2024-01-01 00:28:08.000000,2024-01-01 00:36:55.000000,2,2.54,1,"N",163,75,1,12.8,1,0.5,3.56,0,1,21.36,2.5,0
2,2024-01-01 00:40:25.000000,2024-01-01 00:44:07.000000,2,1.11,1,"N",263,237,1,7.2,1,0.5,2.44,0,1,14.64,2.5,0
2,2024-01-01 00:47:15.000000,2024-01-01 00:56:41.000000,2,2.25,1,"N",237,239,1,12.8,1,0.5,5.34,0,1,23.14,2.5,0
2,2024-01-01 00:12:53.000000,2024-01-01 00:17:17.000000,1,1.02,1,"N",238,24,1,7.2,1,0.5,3.05,0,1,15.25,2.5,0
2,2024-01-01 00:18:20.000000,2024-01-01 00:38:09.000000,1,2.94,1,"N",24,75,2,15.6,1,0.5,0,0,1,18.1,0,0
2,2024-01-01 00:40:53.000000,2024-01-01 00:55:48.000000,1,2.56,1,"N",166,244,2,14.2,1,0.5,0,0,1,16.7,0,0
2,2024-01-01 00:12:11.000000,2024-01-01 00:21:58.000000,1,0.86,1,"N",88,87,2,10,1,0.5,0,0,1,15,2.5,0
2,2024-01-01 00:33:15.000000,2024-01-01 01:12:21.000000,1,4.31,1,"N",261,50,1,35.2,1,0.5,1,0,1,41.2,2.5,0
2,2024-01-01 00:34:30.000000,2024-01-01 00:51:49.000000,1,3.06,1,"N",141,238,1,17.7,1,0.5,4.54,0,1,27.24,2.5,0
2,2024-01-01 00:58:24.000000,2024-01-01 01:13:28.000000,1,2.18,1,"N",239,262,1,14.9,1,0.5,3.98,0,1,23.88,2.5,0
1,2024-01-01 00:24:05.000000,2024-01-01 00:30:10.000000,1,1.6,1,"N",236,43,1,8.6,3.5,0.5,2.7,0,1,16.3,2.5,0
2,2024-01-01 00:09:19.000000,2024-01-01 00:21:19.000000,1,1.23,1,"N",140,162,1,11.4,1,0.5,4.1,0,1,20.5,2.5,0
2,2024-01-01 00:36:56.000000,2024-01-01 00:56:45.000000,4,2.44,1,"N",234,237,1,18.4,1,0.5,4,0,1,27.4,2.5,0
1,2024-01-01 00:11:36.000000,2024-01-01 00:29:01.000000,3,2.2,1,"N",142,162,1,17.7,3.5,0.5,6.8,0,1,29.5,2.5,0
1,2024-01-01 00:36:08.000000,2024-01-01 00:56:48.000000,1,1.6,1,"N",237,164,1,18.4,3.5,0.5,4.65,0,1,28.05,2.5,0
2,2024-01-01 00:10:14.000000,2024-01-01 00:13:59.000000,2,1.07,1,"N",263,237,1,7.2,1,0.5,0,0,1,12.2,2.5,0
2,2024-01-01 00:35:05.000000,2024-01-01 00:53:19.000000,2,1.36,1,"N",162,43,2,15.6,1,0.5,0,0,1,20.6,2.5,0
2,2024-01-01 00:54:57.000000,2024-01-01 01:06:24.000000,3,2.22,1,"N",43,151,1,13.5,1,0.5,3.7,0,1,22.2,2.5,0
2,2024-01-01 00:42:29.000000,2024-01-01 01:10:54.000000,2,4.63,1,"N",137,75,2,28.2,1,0.5,0,0,1,33.2,2.5,0
2,2024-01-01 00:12:59.000000,2024-01-01 00:25:10.000000,2,2.21,1,"N",151,236,2,14.2,1,0.5,0,0,1,19.2,2.5,0
2,2024-01-01 00:30:23.000000,2024-01-01 00:32:35.000000,1,0.55,1,"N",236,75,1,5.1,1,0.5,1.52,0,1,11.62,2.5,0
2,2024-01-01 00:33:43.000000,2024-01-01 00:40:31.000000,2,1.14,1,"N",75,263,1,8.6,1,0.5,2.72,0,1,16.32,2.5,0
2,2024-01-01 00:41:36.000000,2024-01-01 01:01:46.000000,1,5.79,1,"N",263,148,1,27.5,1,0.5,6.5,0,1,39,2.5,0
1,2024-01-01 00:12:55.000000,2024-01-01 00:31:40.000000,3,6.8,1,"N",237,88,1,30.3,3.5,0.5,10,0,1,45.3,2.5,0
2,2024-01-01 00:16:21.000000,2024-01-01 00:46:36.000000,1,23,4,"N",70,265,2,125.5,6,0.5,0,0,1,134.75,0,1.75
2,2024-01-01 00:28:57.000000,2024-01-01 01:07:14.000000,1,11.1,1,"N",164,227,2,49.2,1,0.5,0,0,1,54.2,2.5,0
2,2024-01-01 00:07:36.000000,2024-01-01 00:28:23.000000,1,2.52,1,"N",236,137,1,19.1,1,0.5,6.03,0,1,30.13,2.5,0
2,2024-01-01 00:36:03.000000,2024-01-01 00:59:30.000000,1,5.25,1,"N",79,188,1,28.2,1,0.5,6.64,0,1,39.84,2.5,0
1,2024-01-01 00:37:29.000000,2024-01-01 00:41:10.000000,2,0.8,1,"N",237,263,1,6.5,3.5,0.5,2.85,0,1,14.35,2.5,0
1,2024-01-01 00:52:13.000000,2024-01-01 00:56:32.000000,1,1.2,1,"N",43,236,1,7.9,3.5,0.5,1,0,1,13.9,2.5,0
2,2024-01-01 00:24:02.000000,2024-01-01 00:43:11.000000,1,3.88,1,"N",234,146,1,21.2,1,0.5,6.55,0,1,32.75,2.5,0
2,2024-01-01 00:53:48.000000,2024-01-01 00:56:43.000000,1,0.39,1,"N",161,229,1,5.1,1,0.5,1,0,1,11.1,2.5,0
2,2024-01-01 00:03:21.000000,2024-01-01 00:27:51.000000,1,2.96,1,"N",68,143,1,23.3,1,0.5,7.08,0,1,35.38,2.5,0
2,2024-01-01 00:30:11.000000,2024-01-01 00:43:40.000000,1,1.68,1,"N",142,141,1,13.5,1,0.5,2,0,1,20.5,2.5,0
2,2024-01-01 00:49:49.000000,2024-01-01 00:59:53.000000,1,2.45,1,"N",262,74,1,13.5,1,0.5,2.78,0,1,21.28,2.5,0
2,2024-01-01 00:43:03.000000,2024-01-01 01:07:45.000000,1,3.84,1,"N",68,140,1,24,1,0.5,5.8,0,1,34.8,2.5,0
1,2024-01-01 00:41:14.000000,2024-01-01 00:51:02.000000,2,1,1,"N",229,137,1,8.6,3.5,0.5,2,0,1,15.6,2.5,0
1,2024-01-01 00:43:51.000000,2024-01-01 01:14:44.000000,1,1.5,1,"N",161,107,1,25.4,3.5,0.5,6.05,0,1,36.45,2.5,0
1,2024-01-01 00:24:50.000000,2024-01-01 00:32:04.000000,1,0.9,1,"N",43,262,1,7.2,3.5,0.5,2.45,0,1,14.65,2.5,0
1,2024-01-01 00:33:09.000000,2024-01-01 00:42:03.000000,1,3.3,1,"N",262,224,1,14.9,3.5,0.5,4,0,1,23.9,2.5,0
1,2024-01-01 00:45:07.000000,2024-01-01 01:06:19.000000,1,2.5,1,"N",107,246,2,17,3.5,0.5,0,0,1,22,2.5,0
2,2024-01-01 00:39:01.000000,2024-01-01 00:52:32.000000,1,1.3,1,"N",158,79,1,12.8,1,0.5,2,0,1,19.8,2.5,0
2,2024-01-01 00:55:18.000000,2024-01-01 01:13:49.000000,1,2.27,1,"N",79,229,1,18.4,1,0.5,4.68,0,1,28.08,2.5,0
2,2024-01-01 00:50:05.000000,2024-01-01 01:25:11.000000,1,4.41,1,"N",239,249,1,31.7,1,0.5,7.34,0,1,44.04,2.5,0
1,2024-01-01 00:21:01.000000,2024-01-01 00:39:49.000000,2,4.1,1,"N",263,116,2,21.2,3.5,0.5,0,0,1,26.2,2.5,0
1,2024-01-01 00:15:16.000000,2024-01-01 00:26:58.000000,2,0,1,"N",79,264,1,10.7,3.5,0.5,3.1,0,1,18.8,2.5,0
1,2024-01-01 00:39:34.000000,2024-01-01 01:04:02.000000,1,0,1,"N",161,264,1,19.8,3.5,0.5,2,0,1,26.8,2.5,0
1,2024-01-01 00:43:28.000000,2024-01-01 00:56:45.000000,1,1.6,1,"N",161,263,1,13.5,3.5,0.5,2,0,1,20.5,2.5,0
1,2024-01-01 00:08:41.000000,2024-01-01 00:15:58.000000,1,1,1,"N",148,107,1,7.9,3.5,0.5,3.85,0,1,16.75,2.5,0
1,2024-01-01 00:33:18.000000,2024-01-01 00:38:39.000000,3,0.6,1,"N",148,114,1,6.5,3.5,0.5,3.4,0,1,14.9,2.5,0
1,2024-01-01 00:41:15.000000,2024-01-01 00:45:01.000000,3,0.8,1,"N",114,234,2,6.5,3.5,0.5,0,0,1,11.5,2.5,0
1,2024-01-01 00:58:14.000000,2024-01-01 01:06:13.000000,2,1.4,1,"N",114,186,1,9.3,3.5,0.5,3.55,0,1,17.85,2.5,0
2,2024-01-01 00:55:31.000000,2024-01-01 01:21:15.000000,1,18.42,1,"N",132,213,2,68.1,1,0.5,0,6.94,1,79.29,0,1.75
1,2024-01-01 00:10:30.000000,2024-01-01 00:26:08.000000,1,2.8,1,"N",246,79,2,17,3.5,0.5,0,0,1,22,2.5,0
1,2024-01-01 00:34:48.000000,2024-01-01 00:36:46.000000,1,0.4,1,"N",79,4,2,4.4,3.5,0.5,0,0,1,9.4,2.5,0
1,2024-01-01 00:38:48.000000,2024-01-01 00:53:59.000000,1,3.2,1,"N",79,87,2,19.1,3.5,0.5,0,0,1,24.1,2.5,0
1,2024-01-01 00:05:09.000000,2024-01-01 00:40:40.000000,2,5,1,"N",148,142,1,33.8,3.5,0.5,9.7,0,1,48.5,2.5,0
1,2024-01-01 00:44:00.000000,2024-01-01 00:47:00.000000,2,0.7,1,"N",142,239,1,5.8,3.5,0.5,2.16,0,1,12.96,2.5,0
1,2024-01-01 00:50:09.000000,2024-01-01 00:59:03.000000,2,1.5,1,"N",239,236,1,10.7,3.5,0.5,3.14,0,1,18.84,2.5,0
1,2024-01-01 00:02:42.000000,2024-01-01 00:32:59.000000,2,5.8,1,"N",249,24,1,31.7,3.5,0.5,7.35,0,1,44.05,2.5,0
2,2024-01-01 00:39:32.000000,2024-01-01 00:47:26.000000,1,2.01,1,"N",162,263,1,11.4,1,0.5,3.28,0,1,19.68,2.5,0
2,2024-01-01 00:50:02.000000,2024-01-01 01:03:20.000000,1,5.53,1,"N",263,244,1,24.7,1,0.5,3,0,1,30.2,0,0
1,2024-01-01 00:06:26.000000,2024-01-01 00:19:03.000000,1,2.6,1,"N",163,262,1,14.2,3.5,0.5,4.8,0,1,24,2.5,0
1,2024-01-01 00:24:05.000000,2024-01-01 00:38:42.000000,1,1.7,1,"N",263,163,1,13.5,3.5,0.5,3.7,0,1,22.2,2.5,0
1,2024-01-01 00:42:02.000000,2024-01-01 01:07:17.000000,1,1.4,1,"N",161,164,2,17.7,3.5,0.5,0,0,1,22.7,2.5,0
2,2024-01-01 00:10:19.000000,2024-01-01 00:22:58.000000,1,1.92,1,"N",263,236,1,13.5,1,0.5,3.7,0,1,22.2,2.5,0
2,2024-01-01 00:43:21.000000,2024-01-01 00:54:22.000000,1,1.31,1,"N",43,162,2,12.1,1,0.5,0,0,1,17.1,2.5,0
1,2024-01-01 00:08:23.000000,2024-01-01 00:21:06.000000,1,2.3,1,"N",236,41,1,14.2,3.5,0.5,3.8,0,1,23,2.5,0
1,2024-01-01 00:26:02.000000,2024-01-01 00:26:21.000000,1,2.3,1,"N",42,42,1,3,1,0.5,10,0,1,15.5,0,0
1,2024-01-01 00:17:13.000000,2024-01-01 00:31:21.000000,1,2.1,1,"N",234,229,2,14.2,3.5,0.5,0,0,1,19.2,2.5,0
1,2024-01-01 00:39:45.000000,2024-01-01 01:13:32.000000,1,2.9,1,"N",229,249,1,28.2,3.5,0.5,6.6,0,1,39.8,2.5,0
2,2024-01-01 00:26:37.000000,2024-01-01 01:10:26.000000,1,10.1,1,"N",114,41,1,49.9,1,0.5,10.98,0,1,65.88,2.5,0
2,2024-01-01 00:27:39.000000,2024-01-01 00:47:22.000000,3,1.46,1,"N",142,48,2,17,1,0.5,0,0,1,22,2.5,0
2,2024-01-01 00:50:05.000000,2024-01-01 01:25:09.000000,1,4.08,1,"N",48,87,2,31,1,0.5,0,0,1,36,2.5,0
2,2024-01-01 00:20:55.000000,2024-01-01 00:26:58.000000,1,1.26,1,"N",142,237,1,8.6,1,0.5,2.72,0,1,16.32,2.5,0
2,2024-01-01 00:28:21.000000,2024-01-01 00:39:56.000000,1,1.78,1,"N",163,233,1,12.1,1,0.5,3.42,0,1,20.52,2.5,0
2,2024-01-01 00:33:08.000000,2024-01-01 00:59:55.000000,2,20.59,2,"N",132,141,1,70,0,0.5,20.67,6.94,1,103.36,2.5,1.75
2,2024-01-01 00:14:12.000000,2024-01-01 00:28:49.000000,2,2.45,1,"N",170,148,1,14.9,1,0.5,3.98,0,1,23.88,2.5,0
2,2024-01-01 00:31:07.000000,2024-01-01 00:47:17.000000,2,2.56,1,"N",148,256,1,17.7,1,0.5,4.54,0,1,27.24,2.5,0
2,2024-01-01 00:52:50.000000,2024-01-01 00:58:20.000000,1,1.52,1,"N",256,232,2,7.9,1,0.5,0,0,1,12.9,2.5,0
2,2024-01-01 00:39:00.000000,2024-01-01 00:59:36.000000,1,2.25,1,"N",107,141,2,19.1,1,0.5,0,0,1,24.1,2.5,0
1,2024-01-01 00:20:19.000000,2024-01-01 00:47:08.000000,2,5.4,1,"N",234,151,1,28.9,3.5,0.5,10.15,0,1,44.05,2.5,0
2,2024-01-01 00:28:47.000000,2024-01-01 00:39:22.000000,1,1.58,1,"N",164,113,1,11.4,1,0.5,3.28,0,1,19.68,2.5,0
2,2024-01-01 00:40:24.000000,2024-01-01 00:50:56.000000,2,2.23,1,"N",113,13,1,12.8,1,0.5,0.89,0,1,18.69,2.5,0
1,2024-01-01 00:22:00.000000,2024-01-01 01:06:35.000000,1,3.5,1,"N",186,239,1,36.6,3.5,0.5,8.3,0,1,49.9,2.5,0
2,2024-01-01 00:09:11.000000,2024-01-01 00:21:13.000000,1,5.86,1,"N",209,233,1,24.7,1,0.5,5.94,0,1,35.64,2.5,0
2,2024-01-01 00:24:59.000000,2024-01-01 00:49:06.000000,2,3.96,1,"N",162,143,1,24.7,1,0.5,5.94,0,1,35.64,2.5,0
2,2024-01-01 00:55:04.000000,2024-01-01 01:11:40.000000,2,2.16,1,"N",50,68,1,17,1,0.5,4.4,0,1,26.4,2.5,0
2,2024-01-01 00:15:50.000000,2024-01-01 00:27:26.000000,2,3.05,1,"N",170,236,2,14.9,1,0.5,0,0,1,19.9,2.5,0
1,2024-01-01 00:06:05.000000,2024-01-01 00:31:59.000000,1,5.9,1,"N",239,231,1,29.6,3.5,0.5,5,0,1,39.6,2.5,0
1,2024-01-01 00:38:11.000000,2024-01-01 01:39:04.000000,1,6.9,1,"N",231,24,1,54.1,3.5,0.5,8.87,0,1,67.97,2.5,0
1,2024-01-01 00:21:09.000000,2024-01-01 00:26:53.000000,1,1.3,1,"N",236,238,1,8.6,3.5,0.5,2.72,0,1,16.32,2.5,0
1,2024-01-01 00:42:27.000000,2024-01-01 01:02:55.000000,1,6.1,1,"N",236,79,1,28.9,3.5,0.5,3,0,1,36.9,2.5,0
2,2024-01-01 00:22:51.000000,2024-01-01 00:41:51.000000,1,8.21,1,"N",138,80,1,33.8,6,0.5,10.32,0,1,53.37,0,1.75
2,2024-01-01 00:42:42.000000,2024-01-01 01:08:50.000000,1,10.51,1,"N",234,57,1,44.3,1,0.5,0,6.94,1,56.24,2.5,0
2,2024-01-01 00:19:45.000000,2024-01-01 00:24:59.000000,2,1.09,1,"N",237,263,1,7.9,1,0.5,3.87,0,1,16.77,2.5,0
2,2024-01-01 00:38:04.000000,2024-01-01 00:50:43.000000,2,1.72,1,"N",236,229,1,13.5,1,0.5,2,0,1,20.5,2.5,0
2,2024-01-01 00:54:32.000000,2024-01-01 01:00:48.000000,2,0.94,1,"N",229,237,1,7.9,1,0.5,0,0,1,12.9,2.5,0
1,2024-01-01 00:18:26.000000,2024-01-01 00:52:40.000000,1,0,99,"N",222,147,1,52.5,0,0.5,0,6.94,1,60.94,0,0
2,2024-01-01 00:23:45.000000,2024-01-01 00:45:36.000000,3,5.94,1,"N",234,75,2,28.2,1,0.5,0,0,1,33.2,2.5,0
2,2024-01-01 00:47:25.000000,2024-01-01 01:02:57.000000,1,6.37,1,"N",75,78,2,26.8,1,0.5,0,0,1,29.3,0,0
2,2024-01-01 00:42:07.000000,2024-01-01 01:03:29.000000,2,3.24,1,"N",161,238,1,21.2,1,0.5,2,0,1,28.2,2.5,0
1,2024-01-01 00:14:11.000000,2024-01-01 00:31:34.000000,1,3,1,"N",43,41,1,17,3.5,0.5,20,0,1,42,2.5,0
2,2023-12-31 23:56:46.000000,2024-01-01 00:12:06.000000,2,2.38,1,"N",236,142,1,15.6,1,0.5,1,0,1,21.6,2.5,0
2,2024-01-01 00:16:55.000000,2024-01-01 00:32:42.000000,1,2.67,1,"N",142,263,1,16.3,1,0.5,4.26,0,1,25.56,2.5,0
2,2024-01-01 00:45:26.000000,2024-01-01 01:24:48.000000,2,3.59,1,"N",141,246,1,31.7,1,0.5,3.33,0,1,40.03,2.5,0
1,2024-01-01 00:29:15.000000,2024-01-01 01:10:42.000000,2,5,1,"N",90,238,1,40.1,3.5,0.5,9,0,1,54.1,2.5,0
1,2024-01-01 00:35:35.000000,2024-01-01 00:47:15.000000,4,1.8,1,"N",114,87,1,12.8,3.5,0.5,1,0,1,18.8,2.5,0
1,2024-01-01 00:49:42.000000,2024-01-01 00:58:21.000000,0,2.9,1,"N",87,79,1,14.9,3.5,0.5,5,0,1,24.9,2.5,0
2,2024-01-01 00:19:44.000000,2024-01-01 00:25:47.000000,2,1.58,1,"N",238,166,1,8.6,1,0.5,2.72,0,1,16.32,2.5,0
2,2024-01-01 00:31:28.000000,2024-01-01 00:46:37.000000,2,2.93,1,"N",151,262,1,17.7,1,0.5,5,0,1,27.7,2.5,0
2,2024-01-01 00:49:34.000000,2024-01-01 00:57:21.000000,1,1.76,1,"N",262,237,1,10,1,0.5,3,0,1,18,2.5,0
2,2024-01-01 00:20:41.000000,2024-01-01 00:37:37.000000,3,2.45,1,"N",246,79,1,17,1,0.5,0,0,1,22,2.5,0
2,2024-01-01 00:40:46.000000,2024-01-01 00:45:13.000000,2,1.16,1,"N",79,107,1,7.2,1,0.5,3.66,0,1,15.86,2.5,0
2,2024-01-01 00:50:32.000000,2024-01-01 00:54:59.000000,3,0.54,1,"N",164,107,1,5.8,1,0.5,1,0,1,11.8,2.5,0
2,2024-01-01 00:56:45.000000,2024-01-01 00:59:16.000000,3,0.69,1,"N",107,233,1,5.1,1,0.5,2.02,0,1,12.12,2.5,0
1,2024-01-01 00:12:36.000000,2024-01-01 00:17:30.000000,2,0.9,1,"N",236,238,1,7.2,3.5,0.5,2.4,0,1,14.6,2.5,0
1,2024-01-01 00:23:53.000000,2024-01-01 00:30:53.000000,1,1.1,1,"N",238,263,1,9.3,3.5,0.5,5,0,1,19.3,2.5,0
1,2024-01-01 00:39:50.000000,2024-01-01 00:45:56.000000,1,1.1,1,"N",236,237,1,8.6,3.5,0.5,2.45,0,1,16.05,2.5,0
1,2024-01-01 00:52:03.000000,2024-01-01 00:56:17.000000,2,0.7,1,"N",141,262,1,6.5,3.5,0.5,1.72,0,1,13.22,2.5,0
1,2024-01-01 00:57:13.000000,2024-01-01 01:01:39.000000,2,1.1,1,"N",262,236,1,7.9,3.5,0.5,2.55,0,1,15.45,2.5,0
2,2024-01-01 00:07:35.000000,2024-01-01 00:35:09.000000,3,9.91,1,"N",132,35,2,42.9,1,0.5,0,0,1,47.15,0,1.75
2,2024-01-01 00:54:03.000000,2024-01-01 01:13:02.000000,2,3.93,1,"N",79,262,1,21.2,1,0.5,5.24,0,1,31.44,2.5,0
2,2024-01-01 00:27:57.000000,2024-01-01 00:30:30.000000,3,0.56,1,"N",237,229,1,5.1,1,0.5,2.02,0,1,12.12,2.5,0
2,2024-01-01 00:08:50.000000,2024-01-01 00:32:51.000000,2,6.29,1,"N",43,223,1,29.6,1,0.5,5,0,1,39.6,2.5,0
2,2024-01-01 00:53:42.000000,2024-01-01 01:23:16.000000,3,11.82,1,"N",138,188,1,50.6,6,0.5,8,0,1,67.85,0,1.75
1,2024-01-01 00:09:24.000000,2024-01-01 00:22:58.000000,2,1.9,1,"N",113,170,1,14.2,3.5,0.5,3,0,1,22.2,2.5,0
1,2024-01-01 00:40:58.000000,2024-01-01 00:58:25.000000,1,1.6,1,"N",234,211,1,16.3,3.5,0.5,4.25,0,1,25.55,2.5,0
1,2024-01-01 00:59:45.000000,2024-01-01 01:05:09.000000,1,1,1,"N",211,158,1,7.2,3.5,0.5,3,0,1,15.2,2.5,0
2,2024-01-01 00:37:28.000000,2024-01-01 00:48:30.000000,1,1.34,1,"N",107,161,1,12.1,1,0.5,3.42,0,1,20.52,2.5,0
2,2024-01-01 00:54:54.000000,2024-01-01 01:00:57.000000,1,1.18,1,"N",161,237,1,8.6,1,0.5,2.72,0,1,16.32,2.5,0
2,2024-01-01 00:18:05.000000,2024-01-01 00:22:21.000000,1,0.55,1,"N",237,141,1,5.8,1,0.5,2.16,0,1,12.96,2.5,0
2,2024-01-01 00:24:34.000000,2024-01-01 00:36:37.000000,1,2.03,1,"N",141,239,1,13.5,1,0.5,2.78,0,1,21.28,2.5,0
2,2024-01-01 00:39:46.000000,2024-01-01 01:16:59.000000,1,10.95,1,"N",238,182,2,49.9,1,0.5,0,0,1,54.9,2.5,0
2,2024-01-01 00:00:42.000000,2024-01-01 00:06:17.000000,1,1.06,1,"N",164,161,1,7.9,1,0.5,2.58,0,1,15.48,2.5,0
2,2024-01-01 00:27:08.000000,2024-01-01 00:44:46.000000,1,2.6,1,"N",249,233,1,17,1,0.5,4.4,0,1,26.4,2.5,0
2,2024-01-01 00:47:04.000000,2024-01-01 00:52:38.000000,1,0.9,1,"N",233,141,2,7.2,1,0.5,0,0,1,12.2,2.5,0
2,2024-01-01 00:59:21.000000,2024-01-01 01:12:55.000000,1,1.22,1,"N",237,143,1,12.8,1,0.5,3.56,0,1,21.36,2.5,0
2,2024-01-01 00:48:21.000000,2024-01-01 01:27:40.000000,3,16,1,"N",132,165,1,66,1,0.5,9,0,1,79.25,0,1.75
2,2024-01-01 00:19:45.000000,2024-01-01 00:52:08.000000,1,4.6,1,"N",239,164,1,30.3,1,0.5,5,0,1,40.3,2.5,0
2,2024-01-01 00:55:59.000000,2024-01-01 01:07:25.000000,1,1.3,1,"N",90,246,1,11.4,1,0.5,1.64,0,1,18.04,2.5,0
2,2024-01-01 00:11:42.000000,2024-01-01 00:21:26.000000,1,2.78,1,"N",166,236,1,14.9,1,0.5,3,0,1,22.9,2.5,0
2,2024-01-01 00:23:43.000000,2024-01-01 00:29:10.000000,1,1.62,1,"N",236,151,1,9.3,1,0.5,2.5,0,1,16.8,2.5,0
2,2024-01-01 00:33:33.000000,2024-01-01 00:48:41.000000,2,2.79,1,"N",239,162,1,17,1,0.5,4.4,0,1,26.4,2.5,0
2,2024-01-01 00:51:26.000000,2024-01-01 01:15:23.000000,2,6.47,1,"N",162,69,2,30.3,1,0.5,0,0,1,35.3,2.5,0
1,2024-01-01 00:46:06.000000,2024-01-01 01:01:30.000000,2,1.4,1,"N",249,144,1,14.2,3.5,0.5,7,0,1,26.2,2.5,0
2,2024-01-01 00:05:14.000000,2024-01-01 00:13:36.000000,1,1.44,1,"N",90,79,1,10,1,0.5,3.75,0,1,18.75,2.5,0
2,2024-01-01 00:14:36.000000,2024-01-01 00:19:20.000000,1,0.69,1,"N",224,4,2,6.5,1,0.5,0,0,1,11.5,2.5,0
2,2024-01-01 00:26:18.000000,2024-01-01 00:45:18.000000,1,4.69,1,"N",79,141,1,24,1,0.5,5.8,0,1,34.8,2.5,0
2,2024-01-01 00:49:09.000000,2024-01-01 01:20:28.000000,1,3.15,1,"N",141,50,1,26.8,1,0.5,5,0,1,36.8,2.5,0
2,2024-01-01 00:23:00.000000,2024-01-01 00:38:39.000000,2,3.05,1,"N",263,151,1,17.7,1,0.5,4.54,0,1,27.24,2.5,0
2,2024-01-01 00:45:11.000000,2024-01-01 00:47:51.000000,2,0.5,1,"N",151,24,2,5.1,1,0.5,0,0,1,7.6,0,0
2,2024-01-01 00:50:57.000000,2024-01-01 01:06:12.000000,1,7.59,1,"N",151,119,1,30.3,1,0.5,6.56,0,1,39.36,0,0
2,2024-01-01 00:20:07.000000,2024-01-01 00:30:20.000000,2,1.34,1,"N",234,233,1,11.4,1,0.5,4.1,0,1,20.5,2.5,0
2,2024-01-01 00:25:23.000000,2024-01-01 01:18:03.000000,1,10.21,1,"N",246,128,1,61.1,1,0.5,13.22,0,1,79.32,2.5,0
1,2024-01-01 00:32:35.000000,2024-01-01 00:52:15.000000,4,3.2,1,"N",144,255,1,20.5,3.5,0.5,2,0,1,27.5,2.5,0
1,2024-01-01 00:57:22.000000,2024-01-01 01:15:00.000000,2,3,1,"N",256,17,1,18.4,1,0.5,5.2,0,1,26.1,0,0
1,2024-01-01 00:37:36.000000,2024-01-01 00:56:58.000000,1,3.6,1,"N",249,65,2,21.9,3.5,0.5,0,0,1,26.9,2.5,0
1,2024-01-01 00:10:21.000000,2024-01-01 00:22:07.000000,2,2.3,1,"N",148,233,1,14.2,3.5,0.5,1,0,1,20.2,2.5,0
1,2024-01-01 00:25:31.000000,2024-01-01 00:27:46.000000,1,0.7,1,"N",229,141,1,5.1,3.5,0.5,2,0,1,12.1,2.5,0
1,2024-01-01 00:58:17.000000,2024-01-01 01:21:27.000000,1,3.3,1,"N",164,142,1,21.9,3.5,0.5,4.03,0,1,30.93,2.5,0
2,2024-01-01 00:13:56.000000,2024-01-01 00:18:37.000000,1,0.94,1,"N",238,166,1,7.2,1,0.5,2.44,0,1,14.64,2.5,0
2,2024-01-01 00:35:07.000000,2024-01-01 00:48:48.000000,2,3.55,1,"N",162,75,1,17.7,1,0.5,0.02,0,1,22.72,2.5,0
2,2024-01-01 00:02:55.000000,2024-01-01 00:10:11.000000,1,0.72,1,"N",249,249,1,7.9,1,0.5,2.58,0,1,15.48,2.5,0
2,2024-01-01 00:43:52.000000,2024-01-01 01:33:57.000000,1,3.16,1,"N",113,50,1,40.1,1,0.5,2,0,1,47.1,2.5,0
2,2024-01-01 00:27:25.000000,2024-01-01 00:35:24.000000,1,1.47,1,"N",142,140,1,10,1,0.5,0,0,1,15,2.5,0
1,2024-01-01 00:34:14.000000,2024-01-01 01:01:32.000000,2,3.4,1,"N",163,158,2,25.4,3.5,0.5,0,0,1,30.4,2.5,0
2,2024-01-01 00:31:24.000000,2024-01-01 01:02:27.000000,2,4.39,1,"N",142,113,1,28.9,1,0.5,6.78,0,1,40.68,2.5,0
1,2024-01-01 00:06:03.000000,2024-01-01 00:17:55.000000,1,0.5,1,"N",246,246,1,10,3.5,0.5,4.5,0,1,19.5,2.5,0
1,2024-01-01 00:20:21.000000,2024-01-01 00:25:42.000000,1,0.6,1,"N",246,246,1,6.5,3.5,0.5,10,0,1,21.5,2.5,0
1,2024-01-01 00:40:09.000000,2024-01-01 00:48:57.000000,1,0.9,1,"N",68,114,1,8.6,3.5,0.5,2.7,0,1,16.3,2.5,0
1,2024-01-01 00:49:59.000000,2024-01-01 01:33:58.000000,1,3.6,1,"N",114,50,1,33.8,3.5,0.5,9.7,0,1,48.5,2.5,0
1,2024-01-01 00:42:26.000000,2024-01-01 01:12:01.000000,0,16.6,2,"N",132,233,1,70,4.25,0.5,16.53,6.94,1,99.22,2.5,1.75
2,2024-01-01 00:37:22.000000,2024-01-01 00:48:08.000000,3,1.45,1,"N",107,68,2,11.4,1,0.5,0,0,1,16.4,2.5,0
2,2024-01-01 01:01:55.000000,2024-01-01 01:25:20.000000,2,1.3,1,"N",68,48,1,19.8,1,0.5,2.5,0,1,27.3,2.5,0
1,2024-01-01 00:21:46.000000,2024-01-01 00:31:35.000000,1,0.1,1,"N",163,161,1,9.3,3.5,0.5,3.6,0,1,17.9,2.5,0
1,2024-01-01 00:36:48.000000,2024-01-01 00:51:50.000000,1,2.2,1,"N",161,262,1,14.2,3.5,0.5,3.84,0,1,23.04,2.5,0
1,2024-01-01 00:58:29.000000,2024-01-01 01:08:00.000000,1,3.2,1,"N",141,168,2,14.2,3.5,0.5,0,0,1,19.2,2.5,0
2,2024-01-01 00:09:13.000000,2024-01-01 00:48:38.000000,1,4.94,1,"N",144,142,1,36.6,1,0.5,8.32,0,1,49.92,2.5,0
2,2024-01-01 00:53:35.000000,2024-01-01 01:08:58.000000,1,1.61,1,"N",142,68,2,14.2,1,0.5,0,0,1,19.2,2.5,0
2,2024-01-01 00:43:49.000000,2024-01-01 01:02:49.000000,2,6.72,5,"N",265,265,2,76,0,0,0,12.75,1,89.75,0,0
1,2024-01-01 00:42:10.000000,2024-01-01 00:54:50.000000,4,0.9,1,"N",162,233,2,12.1,3.5,0.5,0,0,1,17.1,2.5,0
2,2024-01-01 00:14:42.000000,2024-01-01 00:27:16.000000,1,3.45,1,"N",90,261,1,16.3,1,0.5,4.26,0,1,25.56,2.5,0
2,2024-01-01 00:30:14.000000,2024-01-01 00:42:50.000000,1,6.55,1,"N",261,229,1,26.1,1,0.5,6.22,0,1,37.32,2.5,0
2,2024-01-01 00:45:41.000000,2024-01-01 00:53:33.000000,2,1.77,1,"N",229,263,1,10,1,0.5,3,0,1,18,2.5,0
2,2024-01-01 00:54:09.000000,2024-01-01 01:02:49.000000,2,1.98,1,"N",263,239,1,11.4,1,0.5,3.28,0,1,19.68,2.5,0
2,2024-01-01 00:26:12.000000,2024-01-01 00:42:30.000000,1,2.05,1,"N",79,233,1,15.6,1,0.5,4.12,0,1,24.72,2.5,0
2,2024-01-01 00:51:10.000000,2024-01-01 01:20:15.000000,3,2.66,1,"N",233,262,1,24.7,1,0.5,5.94,0,1,35.64,2.5,0
2,2024-01-01 00:33:59.000000,2024-01-01 00:42:54.000000,1,1.75,1,"N",233,140,1,10.7,1,0.5,1,0,1,16.7,2.5,0
2,2024-01-01 00:49:12.000000,2024-01-01 01:04:57.000000,1,2.33,1,"N",229,79,1,15.6,1,0.5,4.12,0,1,24.72,2.5,0
1,2024-01-01 00:38:18.000000,2024-01-01 01:01:12.000000,0,2.5,1,"N",90,229,1,17,3.5,0.5,5.5,0,1,27.5,2.5,0
1,2024-01-01 00:11:36.000000,2024-01-01 00:27:49.000000,1,9,1,"N",138,49,1,35.9,7.75,0.5,9.03,0,1,54.18,0,1.75
2,2024-01-01 00:21:48.000000,2024-01-01 00:29:40.000000,2,2.55,1,"N",142,166,1,12.8,1,0.5,4.45,0,1,22.25,2.5,0
2,2024-01-01 00:33:12.000000,2024-01-01 01:10:05.000000,2,8.53,1,"N",166,255,1,41.5,1,0.5,9.3,0,1,55.8,2.5,0
1,2024-01-01 00:30:50.000000,2024-01-01 00:41:08.000000,4,2.6,1,"N",137,232,1,14.2,3.5,0.5,3.8,0,1,23,2.5,0
1,2024-01-01 00:46:12.000000,2024-01-01 01:14:56.000000,3,4.4,1,"N",148,263,1,27.5,3.5,0.5,2,0,1,34.5,2.5,0
1,2024-01-01 00:07:04.000000,2024-01-01 00:40:04.000000,1,8.4,1,"N",142,52,1,35.9,3.5,0.5,11.96,6.94,1,59.8,2.5,0
2,2024-01-01 00:30:52.000000,2024-01-01 01:04:28.000000,1,3.74,1,"N",48,148,2,28.2,1,0.5,0,0,1,33.2,2.5,0
2,2024-01-01 00:27:21.000000,2024-01-01 00:37:57.000000,1,2.62,1,"N",143,41,1,13.5,1,0.5,3.7,0,1,22.2,2.5,0
2,2024-01-01 00:52:30.000000,2024-01-01 01:03:31.000000,1,1.59,1,"N",142,141,1,12.1,1,0.5,3.42,0,1,20.52,2.5,0
2,2024-01-01 00:25:16.000000,2024-01-01 01:10:20.000000,1,3.4,1,"N",142,90,1,36.6,1,0.5,10.4,0,1,52,2.5,0
2,2024-01-01 00:04:42.000000,2024-01-01 00:11:42.000000,2,1.12,1,"N",79,148,1,8.6,1,0.5,2.72,0,1,16.32,2.5,0
2,2024-01-01 00:24:17.000000,2024-01-01 00:32:54.000000,1,1.15,1,"N",224,107,1,9.3,1,0.5,1,0,1,15.3,2.5,0
2,2024-01-01 00:35:04.000000,2024-01-01 00:52:00.000000,2,2.78,1,"N",164,140,1,17,1,0.5,3,0,1,25,2.5,0
2,2024-01-01 00:57:08.000000,2024-01-01 01:05:09.000000,2,1.23,1,"N",141,229,1,9.3,1,0.5,2.14,0,1,16.44,2.5,0
2,2024-01-01 00:01:40.000000,2024-01-01 00:11:47.000000,1,1.25,1,"N",79,249,1,10.7,1,0.5,1,0,1,16.7,2.5,0
2,2024-01-01 00:24:41.000000,2024-01-01 00:48:39.000000,1,9.63,1,"N",249,14,2,40.1,1,0.5,0,6.94,1,52.04,2.5,0
2,2024-01-01 00:52:46.000000,2024-01-01 00:58:41.000000,1,1.05,1,"N",14,14,2,7.9,1,0.5,0,0,1,10.4,0,0
1,2024-01-01 00:16:42.000000,2024-01-01 00:33:47.000000,2,2.5,1,"N",142,233,1,17.7,3.5,0.5,4.54,0,1,27.24,2.5,0
1,2024-01-01 00:43:26.000000,2024-01-01 01:18:37.000000,2,3,1,"N",162,246,1,29.6,3.5,0.5,6.9,0,1,41.5,2.5,0
2,2024-01-01 00:21:26.000000,2024-01-01 00:33:40.000000,3,2.22,1,"N",263,143,2,13.5,1,0.5,0,0,1,18.5,2.5,0
1,2024-01-01 00:23:33.000000,2024-01-01 00:47:16.000000,1,0.7,1,"N",161,164,1,17.7,3.5,0.5,4.55,0,1,27.25,2.5,0
1,2024-01-01 00:50:36.000000,2024-01-01 01:08:18.000000,1,1.5,1,"N",234,68,2,14.2,3.5,0.5,0,0,1,19.2,2.5,0
1,2024-01-01 00:20:09.000000,2024-01-01 00:28:53.000000,2,1.7,1,"N",114,231,2,10,3.5,0.5,0,0,1,15,2.5,0
1,2024-01-01 00:34:01.000000,2024-01-01 00:54:22.000000,2,6.7,1,"N",209,80,1,28.2,3.5,0.5,0,0,1,33.2,2.5,0
2,2024-01-01 00:29:40.000000,2024-01-01 00:42:34.000000,1,0.27,1,"N",164,164,1,11.4,1,0.5,0,0,1,16.4,2.5,0
2,2023-12-31 23:39:17.000000,2023-12-31 23:42:00.000000,2,0.47,1,"N",90,68,1,5.1,1,0.5,0,0,1,10.1,2.5,0
2,2024-01-01 00:35:29.000000,2024-01-01 01:21:18.000000,4,4.32,1,"N",90,232,1,37.3,1,0.5,8.46,0,1,50.76,2.5,0
1,2024-01-01 00:08:53.000000,2024-01-01 00:18:18.000000,1,1.3,1,"N",236,140,2,9.3,3.5,0.5,0,0,1,14.3,2.5,0
1,2024-01-01 00:18:34.000000,2024-01-01 00:38:35.000000,1,6.1,1,"N",140,125,1,27.5,3.5,0.5,6.5,0,1,39,2.5,0
1,2024-01-01 00:39:58.000000,2024-01-01 01:13:02.000000,1,4.9,1,"N",249,263,1,30.3,3.5,0.5,7.05,0,1,42.35,2.5,0
2,2024-01-01 00:05:19.000000,2024-01-01 00:27:57.000000,2,1.63,1,"N",68,233,1,19.8,1,0.5,5.2,0,1,30,2.5,0
2,2024-01-01 00:30:06.000000,2024-01-01 00:48:29.000000,1,3.37,1,"N",229,239,1,19.8,1,0.5,3.72,0,1,28.52,2.5,0
2,2024-01-01 00:15:49.000000,2024-01-01 00:41:13.000000,1,10.93,1,"N",114,67,1,44.3,1,0.5,10,6.94,1,66.24,2.5,0
1,2024-01-01 00:39:39.000000,2024-01-01 01:03:04.000000,1,1.4,1,"N",158,164,1,19.8,3.5,0.5,6.2,0,1,31,2.5,0
2,2024-01-01 00:46:05.000000,2024-01-01 01:05:17.000000,1,3.42,1,"N",48,141,1,20.5,1,0.5,6.38,0,1,31.88,2.5,0
2,2024-01-01 00:11:17.000000,2024-01-01 00:21:00.000000,4,1.88,1,"N",48,239,1,12.1,1,0.5,4.28,0,1,21.38,2.5,0
2,2024-01-01 00:30:43.000000,2024-01-01 00:38:29.000000,2,2.74,1,"N",142,166,1,12.8,1,0.5,5.34,0,1,23.14,2.5,0
2,2024-01-01 00:39:21.000000,2024-01-01 00:50:17.000000,1,1.82,1,"N",166,41,1,12.8,1,0.5,3.83,0,1,19.13,0,0
2,2024-01-01 00:06:52.000000,2024-01-01 00:19:06.000000,2,1.65,1,"N",141,142,1,13.5,1,0.5,4.62,0,1,23.12,2.5,0
2,2024-01-01 00:26:24.000000,2024-01-01 00:49:55.000000,1,2.19,1,"N",142,170,2,20.5,1,0.5,0,0,1,25.5,2.5,0
2,2024-01-01 00:29:25.000000,2024-01-01 00:36:39.000000,4,1.34,1,"N",239,143,1,10,1,0.5,3,0,1,18,2.5,0
2,2024-01-01 00:40:07.000000,2024-01-01 00:51:11.000000,2,2.48,1,"N",142,151,1,13.5,1,0.5,3.7,0,1,22.2,2.5,0
2,2024-01-01 00:54:36.000000,2024-01-01 01:12:20.000000,3,3.09,1,"N",151,237,1,19.1,1,0.5,7.23,0,1,31.33,2.5,0
2,2024-01-01 00:13:45.000000,2024-01-01 00:17:33.000000,2,0.84,1,"N",263,237,1,6.5,1,0.5,10,0,1,21.5,2.5,0
2,2024-01-01 00:27:52.000000,2024-01-01 00:39:14.000000,2,1.92,1,"N",141,142,1,12.8,1,0.5,3.56,0,1,21.36,2.5,0
2,2024-01-01 00:42:46.000000,2024-01-01 00:48:58.000000,2,1.12,1,"N",142,48,1,7.9,1,0.5,2.58,0,1,15.48,2.5,0
2,2024-01-01 00:50:56.000000,2024-01-01 01:26:31.000000,4,2.78,1,"N",48,114,1,29.6,1,0.5,6.92,0,1,41.52,2.5,0
2,2024-01-01 00:46:04.000000,2024-01-01 01:39:19.000000,1,5.54,1,"N",107,238,2,47.1,1,0.5,0,0,1,52.1,2.5,0
2,2024-01-01 00:36:19.000000,2024-01-01 00:40:36.000000,1,0.91,1,"N",236,263,1,6.5,1,0.5,2.3,0,1,13.8,2.5,0
2,2024-01-01 00:42:14.000000,2024-01-01 00:50:12.000000,1,2.47,1,"N",263,229,1,12.1,1,0.5,2.56,0,1,19.66,2.5,0
2,2024-01-01 00:52:40.000000,2024-01-01 00:59:52.000000,1,1.1,1,"N",229,237,1,8.6,1,0.5,2,0,1,15.6,2.5,0
2,2024-01-01 00:15:01.000000,2024-01-01 00:25:25.000000,1,1.75,1,"N",87,144,1,12.1,1,0.5,0,0,1,17.1,2.5,0
2,2024-01-01 00:26:53.000000,2024-01-01 00:39:50.000000,1,1.85,1,"N",144,164,1,13.5,1,0.5,3.7,0,1,22.2,2.5,0
2,2024-01-01 00:42:21.000000,2024-01-01 01:33:48.000000,1,4.03,1,"N",164,142,1,41.5,1,0.5,9.3,0,1,55.8,2.5,0
2,2024-01-01 00:10:37.000000,2024-01-01 00:23:01.000000,2,1.33,1,"N",43,161,1,12.8,1,0.5,3.56,0,1,21.36,2.5,0
2,2024-01-01 00:31:52.000000,2024-01-01 00:44:16.000000,2,2.38,1,"N",161,262,1,14.2,1,0.5,3.84,0,1,23.04,2.5,0
2,2024-01-01 00:50:26.000000,2024-01-01 00:57:56.000000,1,0.97,1,"N",236,75,2,9.3,1,0.5,0,0,1,14.3,2.5,0
2,2024-01-01 00:17:43.000000,2024-01-01 01:02:10.000000,1,4.4,1,"N",90,239,2,39.4,1,0.5,0,0,1,44.4,2.5,0
1,2024-01-01 00:31:09.000000,2024-01-01 00:39:22.000000,3,0.8,1,"N",249,79,1,9.3,3.5,0.5,2.86,0,1,17.16,2.5,0
1,2024-01-01 00:44:48.000000,2024-01-01 00:58:23.000000,3,2.9,1,"N",79,140,1,15.6,3.5,0.5,5,0,1,25.6,2.5,0
2,2024-01-01 00:08:27.000000,2024-01-01 00:30:43.000000,1,2.97,1,"N",246,239,1,22.6,1,0.5,4.14,0,1,31.74,2.5,0
2,2024-01-01 00:34:02.000000,2024-01-01 00:40:22.000000,2,1.18,1,"N",239,48,1,8.6,1,0.5,3.4,0,1,17,2.5,0
2,2024-01-01 00:43:04.000000,2024-01-01 01:02:16.000000,1,2.91,1,"N",48,158,1,19.1,1,0.5,4.82,0,1,28.92,2.5,0
2,2024-01-01 00:49:12.000000,2024-01-01 01:05:35.000000,1,3.12,1,"N",163,41,1,18.4,1,0.5,2.5,0,1,25.9,2.5,0
2,2024-01-01 00:17:42.000000,2024-01-01 00:55:33.000000,1,2.95,1,"N",90,143,1,31.7,1,0.5,5,0,1,41.7,2.5,0
1,2024-01-01 00:50:53.000000,2024-01-01 01:05:48.000000,1,3,1,"N",237,151,1,17,3.5,0.5,4,0,1,26,2.5,0
2,2024-01-01 00:06:47.000000,2024-01-01 00:26:02.000000,1,2.77,1,"N",4,68,1,18.4,1,0.5,0,0,1,23.4,2.5,0
2,2024-01-01 00:38:03.000000,2024-01-01 01:19:03.000000,1,3.21,1,"N",68,48,1,33.8,1,0.5,7.76,0,1,46.56,2.5,0
2,2024-01-01 00:31:13.000000,2024-01-01 00:51:59.000000,1,1.98,1,"N",142,68,1,18.4,1,0.5,4.68,0,1,28.08,2.5,0
2,2024-01-01 00:11:58.000000,2024-01-01 00:23:03.000000,2,1.56,1,"N",237,140,1,12.1,1,0.5,3.42,0,1,20.52,2.5,0
2,2024-01-01 00:32:11.000000,2024-01-01 00:55:38.000000,2,2.39,1,"N",43,246,1,21.9,1,0.5,5,0,1,31.9,2.5,0
2,2024-01-01 00:06:52.000000,2024-01-01 00:40:05.000000,2,10.87,1,"N",233,161,1,49.2,1,0.5,0,0,1,54.2,2.5,0
2,2024-01-01 00:57:26.000000,2024-01-01 01:13:49.000000,3,4.13,1,"N",163,112,2,20.5,1,0.5,0,0,1,25.5,2.5,0
2,2024-01-01 00:09:30.000000,2024-01-01 00:16:30.000000,1,0.66,1,"N",164,233,2,7.9,1,0.5,0,0,1,12.9,2.5,0
2,2024-01-01 00:30:33.000000,2024-01-01 00:42:18.000000,2,2.23,1,"N",229,263,1,12.8,1,0.5,3.56,0,1,21.36,2.5,0
2,2024-01-01 00:44:17.000000,2024-01-01 00:52:40.000000,4,1.71,1,"N",263,238,1,10.7,1,0.5,2.35,0,1,18.05,2.5,0
2,2024-01-01 00:21:22.000000,2024-01-01 00:30:11.000000,4,1.33,1,"N",239,238,1,10.7,1,0.5,3.14,0,1,18.84,2.5,0
2,2024-01-01 00:34:38.000000,2024-01-01 00:54:49.000000,4,1.85,1,"N",239,48,1,17.7,1,0.5,1,0,1,23.7,2.5,0
1,2024-01-01 00:16:17.000000,2024-01-01 00:25:47.000000,1,1.5,1,"N",114,90,1,10.7,3.5,0.5,3.1,0,1,18.8,2.5,0
1,2024-01-01 00:41:25.000000,2024-01-01 01:38:56.000000,2,7.1,1,"N",68,116,1,55.5,3.5,0.5,15.1,0,1,75.6,2.5,0
2,2024-01-01 00:29:19.000000,2024-01-01 00:33:46.000000,3,0.93,1,"N",236,263,1,7.2,1,0.5,2.44,0,1,14.64,2.5,0
2,2024-01-01 00:37:57.000000,2024-01-01 00:42:57.000000,2,1.1,1,"N",262,229,1,7.9,1,0.5,1.5,0,1,14.4,2.5,0
2,2024-01-01 00:46:25.000000,2024-01-01 01:13:16.000000,2,3.36,1,"N",229,90,1,24.7,1,0.5,0.1,0,1,29.8,2.5,0
2,2024-01-01 00:16:40.000000,2024-01-01 00:37:49.000000,2,1.28,1,"N",142,48,2,18.4,1,0.5,0,0,1,23.4,2.5,0
2,2024-01-01 00:38:32.000000,2024-01-01 01:08:52.000000,2,3.27,1,"N",48,79,1,26.1,1,0.5,5,0,1,36.1,2.5,0
1,2024-01-01 00:09:46.000000,2024-01-01 00:18:11.000000,1,1.4,1,"N",161,141,1,10,3.5,0.5,3,0,1,18,2.5,0
1,2024-01-01 00:21:35.000000,2024-01-01 00:25:33.000000,1,0.7,1,"N",237,263,2,5.8,3.5,0.5,0,0,1,10.8,2.5,0
1,2024-01-01 00:37:22.000000,2024-01-01 00:53:18.000000,2,3.7,1,"N",43,193,2,19.8,3.5,0.5,0,0,1,24.8,2.5,0
1,2024-01-01 00:14:40.000000,2024-01-01 00:43:47.000000,1,5.6,1,"N",239,231,2,30.3,3.5,0.5,0,0,1,35.3,2.5,0
1,2024-01-01 00:46:28.000000,2024-01-01 00:54:37.000000,2,1.2,1,"N",231,87,1,9.3,3.5,0.5,2,0,1,16.3,2.5,0
1,2024-01-01 00:57:46.000000,2024-01-01 01:22:55.000000,2,5.4,1,"N",87,161,2,28.9,3.5,0.5,0,0,1,33.9,2.5,0
1,2024-01-01 00:14:10.000000,2024-01-01 00:22:34.000000,1,0.8,1,"N",79,234,1,7.9,3.5,0.5,2.6,0,1,15.5,2.5,0
1,2024-01-01 00:37:34.000000,2024-01-01 00:58:42.000000,1,3,1,"N",164,262,1,19.1,3.5,0.5,4.8,0,1,28.9,2.5,0
2,2024-01-01 00:23:24.000000,2024-01-01 00:31:30.000000,1,1.36,1,"N",79,234,1,10,1,0.5,1.5,0,1,16.5,2.5,0
2,2024-01-01 00:33:51.000000,2024-01-01 01:12:39.000000,1,4.09,1,"N",234,239,1,33.8,1,0.5,7.76,0,1,46.56,2.5,0
2,2024-01-01 00:03:37.000000,2024-01-01 00:23:24.000000,1,8.05,1,"N",162,169,2,33.8,1,0.5,0,0,1,38.8,2.5,0
1,2024-01-01 00:31:22.000000,2024-01-01 00:36:45.000000,2,1.1,1,"N",237,141,1,7.9,3.5,0.5,1,0,1,13.9,2.5,0
1,2024-01-01 00:39:22.000000,2024-01-01 00:45:10.000000,2,1.3,1,"N",141,229,1,8.6,3.5,0.5,1.4,0,1,15,2.5,0
1,2024-01-01 00:48:38.000000,2024-01-01 00:59:09.000000,1,2.2,1,"N",229,239,2,13.5,3.5,0.5,0,0,1,18.5,2.5,0
2,2024-01-01 00:28:23.000000,2024-01-01 00:39:48.000000,2,2.57,1,"N",239,151,1,14.9,1,0.5,3.98,0,1,23.88,2.5,0
2,2024-01-01 00:40:56.000000,2024-01-01 00:57:08.000000,1,3.04,1,"N",151,141,1,18.4,1,0.5,3,0,1,26.4,2.5,0
2,2024-01-01 00:09:32.000000,2024-01-01 00:19:57.000000,3,1.45,1,"N",90,79,1,11.4,1,0.5,1.64,0,1,18.04,2.5,0
1,2024-01-01 00:26:21.000000,2024-01-01 00:38:03.000000,0,3.4,1,"N",137,263,1,15.6,3.5,0.5,2.06,0,1,22.66,2.5,0
1,2024-01-01 00:38:43.000000,2024-01-01 00:51:53.000000,0,2.6,1,"N",263,170,1,14.9,3.5,0.5,3.95,0,1,23.85,2.5,0
2,2024-01-01 00:08:45.000000,2024-01-01 00:21:06.000000,1,4.97,1,"N",88,170,1,22.6,1,0.5,5.52,0,1,33.12,2.5,0
2,2024-01-01 00:33:41.000000,2024-01-01 00:41:26.000000,2,1.26,1,"N",114,158,1,9.3,1,0.5,1,0,1,15.3,2.5,0
2,2024-01-01 00:46:43.000000,2024-01-01 01:25:48.000000,2,5.25,1,"N",249,262,1,35.2,1,0.5,8.04,0,1,48.24,2.5,0
2,2024-01-01 00:28:06.000000,2024-01-01 00:52:31.000000,2,2.13,1,"N",237,170,2,21.2,1,0.5,0,0,1,26.2,2.5,0
2,2024-01-01 00:59:02.000000,2024-01-01 01:09:59.000000,2,0.71,1,"N",170,162,2,10.7,1,0.5,0,0,1,15.7,2.5,0
2,2024-01-01 00:21:45.000000,2024-01-01 00:26:10.000000,1,0.82,1,"N",142,239,1,6.5,1,0.5,2.88,0,1,14.38,2.5,0
2,2024-01-01 00:51:07.000000,2024-01-01 00:54:18.000000,1,0.89,1,"N",237,236,1,6.5,1,0.5,2.88,0,1,14.38,2.5,0
2,2024-01-01 00:56:19.000000,2024-01-01 00:59:25.000000,1,1.25,1,"N",236,74,1,7.2,1,0.5,2.44,0,1,14.64,2.5,0
2,2024-01-01 00:16:32.000000,2024-01-01 00:20:11.000000,1,0.51,1,"N",141,263,1,5.8,1,0.5,2.16,0,1,12.96,2.5,0
2,2024-01-01 00:28:43.000000,2024-01-01 00:35:44.000000,1,1.96,1,"N",229,263,1,10.7,1,0.5,3.92,0,1,19.62,2.5,0
2,2024-01-01 00:39:58.000000,2024-01-01 00:51:00.000000,1,2.06,1,"N",263,161,1,12.8,1,0.5,3.56,0,1,21.36,2.5,0
2,2024-01-01 00:53:01.000000,2024-01-01 01:00:18.000000,1,1.01,1,"N",161,141,1,8.6,1,0.5,2.72,0,1,16.32,2.5,0
2,2024-01-01 00:31:03.000000,2024-01-01 00:36:47.000000,1,1.55,1,"N",141,236,1,8.6,1,0.5,3.4,0,1,17,2.5,0
2,2024-01-01 00:46:16.000000,2024-01-01 00:46:31.000000,1,0.02,2,"N",239,239,2,70,0,0.5,0,0,1,74,2.5,0
2,2024-01-01 00:46:53.000000,2024-01-01 01:01:24.000000,1,2.39,1,"N",239,263,1,16.3,1,0.5,5.33,0,1,26.63,2.5,0
2,2024-01-01 00:08:16.000000,2024-01-01 00:51:47.000000,1,8.15,1,"N",142,40,1,45,1,0.5,10,0,1,60,2.5,0
2,2024-01-01 00:51:53.000000,2024-01-01 01:20:07.000000,3,17.77,2,"N",132,41,1,70,0,0.5,16.04,6.94,1,96.23,0,1.75
1,2024-01-01 00:05:56.000000,2024-01-01 00:13:03.000000,1,1.6,1,"N",107,162,1,8.6,3.5,0.5,2.7,0,1,16.3,2.5,0
2,2024-01-01 00:09:14.000000,2024-01-01 00:24:09.000000,2,2.18,1,"N",239,48,1,15.6,1,0.5,5.15,0,1,25.75,2.5,0
2,2024-01-01 00:25:50.000000,2024-01-01 00:34:49.000000,2,3.05,1,"N",48,151,1,14.2,1,0.5,4.8,0,1,24,2.5,0
2,2024-01-01 00:37:39.000000,2024-01-01 00:48:34.000000,3,2.24,1,"N",151,142,1,13.5,1,0.5,2,0,1,20.5,2.5,0
2,2024-01-01 00:51:34.000000,2024-01-01 01:15:33.000000,1,2.99,1,"N",142,164,1,23.3,1,0.5,5.66,0,1,33.96,2.5,0
1,2024-01-01 00:33:09.000000,2024-01-01 00:47:24.000000,1,1.5,1,"N",107,68,2,14.2,3.5,0.5,0,0,1,19.2,2.5,0
2,2024-01-01 00:50:17.000000,2024-01-01 01:09:37.000000,1,3.46,1,"N",107,263,1,20.5,1,0.5,5.1,0,1,30.6,2.5,0
2,2024-01-01 00:28:19.000000,2024-01-01 00:42:11.000000,1,2.51,1,"N",148,233,1,14.9,1,0.5,0,0,1,19.9,2.5,0
2,2024-01-01 00:43:04.000000,2024-01-01 00:46:18.000000,1,0.24,1,"N",233,170,1,5.1,1,0.5,2.02,0,1,12.12,2.5,0
2,2024-01-01 00:53:09.000000,2024-01-01 00:59:23.000000,1,1.15,1,"N",79,137,1,7.9,1,0.5,0,0,1,12.9,2.5,0
2,2024-01-01 00:49:26.000000,2024-01-01 00:55:48.000000,1,1.22,1,"N",113,231,1,8.6,1,0.5,2.72,0,1,16.32,2.5,0
1,2024-01-01 00:08:27.000000,2024-01-01 00:29:32.000000,1,3.2,1,"N",231,233,1,18.4,3.5,0.5,7,0,1,30.4,2.5,0
1,2024-01-01 00:54:02.000000,2024-01-01 01:22:57.000000,1,4.1,1,"N",234,262,2,23.3,3.5,0.5,0,0,1,28.3,2.5,0
2,2024-01-01 00:08:14.000000,2024-01-01 00:13:54.000000,1,1.22,1,"N",141,263,1,7.9,1,0.5,3.23,0,1,16.13,2.5,0
2,2024-01-01 00:54:07.000000,2024-01-01 01:11:58.000000,1,2.37,1,"N",161,224,2,17,1,0.5,0,0,1,22,2.5,0
2,2024-01-01 00:16:38.000000,2024-01-01 00:49:25.000000,2,7.58,1,"N",238,79,1,38,1,0.5,8.6,0,1,51.6,2.5,0
2,2024-01-01 00:58:16.000000,2024-01-01 01:15:27.000000,1,2.86,1,"N",79,161,1,17.7,1,0.5,4.54,0,1,27.24,2.5,0
2,2024-01-01 00:18:12.000000,2024-01-01 00:34:56.000000,1,7.73,1,"N",138,255,1,33.1,6,0.5,8.12,0,1,50.47,0,1.75
1,2024-01-01 00:41:02.000000,2024-01-01 00:59:56.000000,1,2.3,1,"N",162,236,1,19.1,3.5,0.5,3.62,0,1,27.72,2.5,0
2,2024-01-01 00:24:39.000000,2024-01-01 00:36:51.000000,1,2.42,1,"N",234,87,1,14.2,1,0.5,3.84,0,1,23.04,2.5,0
2,2024-01-01 00:43:26.000000,2024-01-01 00:51:11.000000,1,1.14,1,"N",261,125,1,9.3,1,0.5,2.86,0,1,17.16,2.5,0
2,2024-01-01 00:54:11.000000,2024-01-01 01:07:46.000000,1,2.33,1,"N",125,164,1,14.9,1,0.5,0,0,1,19.9,2.5,0
2,2024-01-01 00:29:38.000000,2024-01-01 01:17:34.000000,1,5.3,1,"N",163,209,2,41.5,1,0.5,0,0,1,46.5,2.5,0
2,2024-01-01 00:46:40.000000,2024-01-01 01:12:12.000000,1,1.91,1,"N",79,186,1,21.9,1,0.5,5.38,0,1,32.28,2.5,0
2,2024-01-01 00:17:30.000000,2024-01-01 01:02:43.000000,1,2.96,1,"N",79,50,1,37.3,1,0.5,5,0,1,47.3,2.5,0
1,2024-01-01 00:24:05.000000,2024-01-01 00:56:49.000000,1,2.3,1,"N",137,237,1,26.1,3.5,0.5,4,0,1,35.1,2.5,0
1,2024-01-01 00:25:16.000000,2024-01-01 00:35:35.000000,3,1.3,1,"N",170,229,1,10.7,3.5,0.5,2.36,0,1,18.06,2.5,0
1,2024-01-01 00:36:36.000000,2024-01-01 00:45:03.000000,2,1.1,1,"N",229,161,1,9.3,3.5,0.5,2.85,0,1,17.15,2.5,0
1,2024-01-01 00:51:43.000000,2024-01-01 01:26:13.000000,2,12.7,1,"N",237,26,1,54.1,3.5,0.5,0,6.94,1,66.04,2.5,0
2,2024-01-01 00:34:45.000000,2024-01-01 00:49:59.000000,1,1.65,1,"N",164,211,1,14.2,1,0.5,4.8,0,1,24,2.5,0
2,2024-01-01 00:54:15.000000,2024-01-01 01:31:18.000000,1,4.11,1,"N",211,141,1,31.7,1,0.5,7.34,0,1,44.04,2.5,0
1,2024-01-01 00:39:14.000000,2024-01-01 01:01:18.000000,1,3.7,1,"N",148,237,1,19.8,3.5,0.5,6.2,0,1,31,2.5,0
2,2024-01-01 00:09:26.000000,2024-01-01 00:19:31.000000,1,2.79,1,"N",142,166,1,14.2,1,0.5,3.84,0,1,23.04,2.5,0
2,2024-01-01 00:23:16.000000,2024-01-01 00:26:37.000000,1,0.9,1,"N",166,238,2,6.5,1,0.5,0,0,1,9,0,0
2,2024-01-01 00:29:11.000000,2024-01-01 00:32:33.000000,1,0.92,1,"N",238,75,1,6.5,1,0.5,1.5,0,1,10.5,0,0
2,2024-01-01 00:34:44.000000,2024-01-01 00:40:55.000000,1,1.76,1,"N",75,237,1,10,1,0.5,4.5,0,1,19.5,2.5,0
1,2024-01-01 00:47:22.000000,2024-01-01 00:49:59.000000,1,1.1,1,"N",236,75,2,6.5,3.5,0.5,0,0,1,11.5,2.5,0
2,2024-01-01 00:51:09.000000,2024-01-01 01:25:09.000000,1,1.65,1,"N",164,48,1,27.5,1,0.5,6.5,0,1,39,2.5,0
2,2024-01-01 00:55:19.000000,2024-01-01 01:04:36.000000,3,1.3,1,"N",170,137,2,10,1,0.5,0,0,1,15,2.5,0
1,2024-01-01 00:13:32.000000,2024-01-01 00:44:40.000000,1,10.4,1,"N",132,61,4,41.5,2.75,0.5,0,0,1,45.75,0,1.75
2,2024-01-01 00:29:05.000000,2024-01-01 00:49:18.000000,1,3.16,1,"N",140,142,1,19.8,1,0.5,6.2,0,1,31,2.5,0
2,2024-01-01 00:04:00.000000,2024-01-01 00:04:44.000000,1,0.01,5,"N",63,63,2,-31.5,0,0,0,0,-1,-34.25,0,-1.75
2,2024-01-01 00:04:00.000000,2024-01-01 00:04:44.000000,1,0.01,5,"N",63,63,2,31.5,0,0,0,0,1,34.25,0,1.75
2,2024-01-01 00:39:14.000000,2024-01-01 01:11:35.000000,1,14.96,1,"N",132,165,1,61.1,1,0.5,10,0,1,75.35,0,1.75
2,2024-01-01 00:06:04.000000,2024-01-01 00:29:44.000000,1,5.35,1,"N",148,263,1,26.8,1,0.5,0,0,1,31.8,2.5,0
2,2024-01-01 00:34:55.000000,2024-01-01 00:50:58.000000,1,3.58,1,"N",263,143,1,19.1,1,0.5,4.82,0,1,28.92,2.5,0
2,2024-01-01 00:53:42.000000,2024-01-01 00:59:16.000000,1,1.3,1,"N",143,238,1,8.6,1,0.5,0,0,1,13.6,2.5,0
2,2024-01-01 00:19:07.000000,2024-01-01 00:26:01.000000,3,0.71,1,"N",113,90,1,7.9,1,0.5,3.23,0,1,16.13,2.5,0
2,2024-01-01 00:31:35.000000,2024-01-01 00:37:25.000000,2,0.78,1,"N",234,249,2,7.2,1,0.5,0,0,1,12.2,2.5,0
2,2024-01-01 00:42:05.000000,2024-01-01 00:52:50.000000,2,1.52,1,"N",249,68,2,12.1,1,0.5,0,0,1,17.1,2.5,0
2,2024-01-01 00:53:41.000000,2024-01-01 01:19:31.000000,1,1.04,1,"N",68,50,1,21.2,1,0.5,2,0,1,28.2,2.5,0
2,2024-01-01 00:32:09.000000,2024-01-01 00:54:00.000000,2,2.37,1,"N",246,231,1,19.8,1,0.5,2,0,1,26.8,2.5,0
2,2024-01-01 00:13:53.000000,2024-01-01 00:20:58.000000,1,1.85,1,"N",142,151,2,10.7,1,0.5,0,0,1,15.7,2.5,0
2,2024-01-01 00:25:39.000000,2024-01-01 00:42:21.000000,1,3.14,1,"N",238,229,2,19.1,1,0.5,0,0,1,24.1,2.5,0
2,2024-01-01 00:43:35.000000,2024-01-01 00:49:02.000000,1,0.62,1,"N",229,233,2,6.5,1,0.5,0,0,1,11.5,2.5,0
2,2024-01-01 00:19:55.000000,2024-01-01 00:26:31.000000,1,1.56,1,"N",233,141,1,9.3,1,0.5,2.86,0,1,17.16,2.5,0
2,2024-01-01 00:28:36.000000,2024-01-01 00:39:10.000000,1,1.72,1,"N",141,170,2,12.1,1,0.5,0,0,1,17.1,2.5,0
2,2024-01-01 00:11:28.000000,2024-01-01 00:22:51.000000,1,4.78,1,"N",141,4,1,21.2,1,0.5,4.72,0,1,30.92,2.5,0
2,2024-01-01 00:24:13.000000,2024-01-01 00:39:26.000000,1,4.08,1,"N",4,262,1,20.5,1,0.5,5.1,0,1,30.6,2.5,0
2,2024-01-01 00:46:19.000000,2024-01-01 00:57:28.000000,1,2.34,1,"N",263,238,1,13.5,1,0.5,2,0,1,20.5,2.5,0
2,2024-01-01 00:28:09.000000,2024-01-01 00:40:09.000000,2,2.37,1,"N",239,41,1,14.9,1,0.5,2.98,0,1,22.88,2.5,0
2,2024-01-01 00:04:22.000000,2024-01-01 00:07:33.000000,1,0.85,1,"N",263,141,1,5.8,1,0.5,2.16,0,1,12.96,2.5,0
2,2024-01-01 00:21:03.000000,2024-01-01 00:35:49.000000,1,3.49,1,"N",229,238,1,18.4,1,0.5,4.68,0,1,28.08,2.5,0
2,2024-01-01 00:36:48.000000,2024-01-01 00:44:11.000000,2,1.35,1,"N",238,166,2,10,1,0.5,0,0,1,15,2.5,0
2,2024-01-01 00:21:17.000000,2024-01-01 00:29:33.000000,2,1.04,1,"N",162,229,1,9.3,1,0.5,2.86,0,1,17.16,2.5,0
2,2024-01-01 00:33:06.000000,2024-01-01 00:36:41.000000,2,1.1,1,"N",229,141,1,6.5,1,0.5,2.3,0,1,13.8,2.5,0
2,2024-01-01 00:38:22.000000,2024-01-01 00:47:44.000000,1,1.92,1,"N",141,239,1,12.1,1,0.5,3.42,0,1,20.52,2.5,0
2,2024-01-01 00:50:10.000000,2024-01-01 00:54:37.000000,1,0.86,1,"N",142,48,1,6.5,1,0.5,1,0,1,12.5,2.5,0
2,2024-01-01 00:58:37.000000,2024-01-01 01:03:55.000000,4,0.89,1,"N",142,48,1,7.2,1,0.5,2.44,0,1,14.64,2.5,0
2,2024-01-01 00:09:34.000000,2024-01-01 00:21:39.000000,1,1.77,1,"N",234,211,1,12.1,1,0.5,5,0,1,22.1,2.5,0
2,2024-01-01 00:30:05.000000,2024-01-01 00:37:29.000000,1,1.18,1,"N",125,90,1,8.6,1,0.5,2.72,0,1,16.32,2.5,0
2,2024-01-01 00:41:42.000000,2024-01-01 00:46:00.000000,1,0.47,1,"N",249,113,4,-5.8,-1,-0.5,0,0,-1,-10.8,-2.5,0
2,2024-01-01 00:41:42.000000,2024-01-01 00:46:00.000000,1,0.47,1,"N",249,113,4,5.8,1,0.5,0,0,1,10.8,2.5,0
2,2024-01-01 00:51:47.000000,2024-01-01 01:09:31.000000,1,2.17,1,"N",113,209,1,17,1,0.5,4.4,0,1,26.4,2.5,0
2,2024-01-01 00:12:08.000000,2024-01-01 00:29:40.000000,1,7.04,1,"N",70,73,1,31,6,0.5,7.7,0,1,47.95,0,1.75
2,2024-01-01 00:14:55.000000,2024-01-01 00:42:03.000000,1,1.67,1,"N",142,68,1,22.6,1,0.5,5.52,0,1,33.12,2.5,0
2,2024-01-01 00:47:28.000000,2024-01-01 00:59:34.000000,1,1.46,1,"N",246,90,1,12.8,1,0.5,3.56,0,1,21.36,2.5,0
2,2024-01-01 00:13:32.000000,2024-01-01 00:23:24.000000,1,1.5,1,"N",148,125,2,11.4,1,0.5,0,0,1,16.4,2.5,0
2,2024-01-01 00:25:04.000000,2024-01-01 01:03:18.000000,1,5.18,1,"N",158,238,1,38.7,1,0.5,8.74,0,1,52.44,2.5,0
2,2024-01-01 00:15:10.000000,2024-01-01 00:22:51.000000,1,1.64,1,"N",43,236,1,10,1,0.5,3,0,1,18,2.5,0
2,2024-01-01 00:31:04.000000,2024-01-01 00:54:42.000000,1,2.69,1,"N",237,107,1,21.9,1,0.5,3.23,0,1,30.13,2.5,0
2,2024-01-01 00:15:39.000000,2024-01-01 00:21:47.000000,4,1.01,1,"N",43,143,1,7.9,1,0.5,2.58,0,1,15.48,2.5,0
2,2024-01-01 00:27:48.000000,2024-01-01 00:43:48.000000,1,2.28,1,"N",142,238,1,17,1,0.5,2,0,1,24,2.5,0
2,2024-01-01 00:45:37.000000,2024-01-01 00:51:14.000000,1,1.27,1,"N",239,24,1,8.6,1,0.5,3.4,0,1,17,2.5,0
2,2024-01-01 00:54:10.000000,2024-01-01 01:16:06.000000,1,5.91,1,"N",24,249,1,28.9,1,0.5,4,0,1,37.9,2.5,0
1,2024-01-01 00:15:02.000000,2024-01-01 00:45:44.000000,1,4.8,1,"N",158,140,1,30.3,3.5,0.5,7.06,0,1,42.36,2.5,0
2,2024-01-01 00:21:14.000000,2024-01-01 00:32:48.000000,1,1.5,1,"N",114,170,1,12.1,1,0.5,3.42,0,1,20.52,2.5,0
2,2024-01-01 00:42:02.000000,2024-01-01 01:14:33.000000,1,5.48,1,"N",107,61,2,-33.1,-1,-0.5,0,0,-1,-38.1,-2.5,0
2,2024-01-01 00:42:02.000000,2024-01-01 01:14:33.000000,1,5.48,1,"N",107,61,2,33.1,1,0.5,0,0,1,38.1,2.5,0
2,2024-01-01 00:10:47.000000,2024-01-01 00:22:48.000000,2,2.55,1,"N",263,170,1,14.2,1,0.5,3.84,0,1,23.04,2.5,0
2,2024-01-01 00:28:57.000000,2024-01-01 00:38:09.000000,2,1.13,1,"N",107,249,1,9.3,1,0.5,2.86,0,1,17.16,2.5,0
2,2024-01-01 00:40:40.000000,2024-01-01 00:48:12.000000,2,0.89,1,"N",249,113,1,8.6,1,0.5,2.72,0,1,16.32,2.5,0
2,2024-01-01 00:49:01.000000,2024-01-01 00:54:11.000000,2,0.73,1,"N",113,79,2,7.2,1,0.5,0,0,1,12.2,2.5,0
2,2024-01-01 00:59:03.000000,2024-01-01 01:05:15.000000,3,0.98,1,"N",107,164,1,7.9,1,0.5,2.58,0,1,15.48,2.5,0
1,2024-01-01 00:34:17.000000,2024-01-01 00:44:13.000000,1,2,1,"N",239,141,1,11.4,3.5,0.5,3.3,0,1,19.7,2.5,0
1,2024-01-01 00:57:56.000000,2024-01-01 01:04:13.000000,1,0.9,1,"N",237,262,1,7.2,3.5,0.5,3.05,0,1,15.25,2.5,0
2,2024-01-01 00:12:39.000000,2024-01-01 00:17:21.000000,3,0.69,1,"N",7,7,1,6.5,1,0.5,0,0,1,9,0,0
2,2024-01-01 00:44:19.000000,2024-01-01 00:48:19.000000,3,0.74,1,"N",140,229,1,6.5,1,0.5,1,0,1,12.5,2.5,0
2,2024-01-01 00:57:08.000000,2024-01-01 01:16:07.000000,2,3.6,1,"N",161,146,1,21.9,1,0.5,5.38,0,1,32.28,2.5,0
2,2024-01-01 00:14:02.000000,2024-01-01 00:40:40.000000,3,3.79,1,"N",48,125,1,26.1,1,0.5,6.22,0,1,37.32,2.5,0
2,2024-01-01 00:40:52.000000,2024-01-01 01:08:30.000000,2,1.96,1,"N",107,68,1,23.3,1,0.5,4.24,0,1,32.54,2.5,0
1,2024-01-01 00:12:10.000000,2024-01-01 00:44:11.000000,3,1.1,1,"N",162,170,2,25.4,3.5,0.5,0,0,1,30.4,2.5,0
1,2024-01-01 00:56:32.000000,2024-01-01 01:02:34.000000,2,0.8,1,"N",234,170,1,7.9,3.5,0.5,3.85,0,1,16.75,2.5,0
1,2024-01-01 00:29:55.000000,2024-01-01 00:43:30.000000,2,2.3,1,"N",229,79,1,14.2,3.5,0.5,3.5,0,1,22.7,2.5,0
1,2024-01-01 00:45:44.000000,2024-01-01 01:14:41.000000,1,4.9,1,"N",79,239,1,28.9,3.5,0.5,4,0,1,37.9,2.5,0
2,2024-01-01 00:35:30.000000,2024-01-01 00:53:12.000000,1,3.06,1,"N",164,232,1,20.5,1,0.5,5.1,0,1,30.6,2.5,0
2,2024-01-01 00:58:18.000000,2024-01-01 01:24:05.000000,1,4.87,1,"N",148,141,2,27.5,1,0.5,0,0,1,32.5,2.5,0
2,2024-01-01 00:21:14.000000,2024-01-01 00:50:08.000000,2,0.98,1,"N",50,68,1,23.3,1,0.5,5.66,0,1,33.96,2.5,0
2,2024-01-01 00:57:31.000000,2024-01-01 01:27:38.000000,2,3.14,1,"N",68,13,1,27.5,1,0.5,6.5,0,1,39,2.5,0
1,2024-01-01 00:12:55.000000,2024-01-01 00:30:16.000000,1,3.9,1,"N",75,116,1,19.8,1,0.5,5.55,0,1,27.85,0,0
1,2024-01-01 00:08:24.000000,2024-01-01 00:20:55.000000,1,3.6,1,"N",107,262,1,17,3.5,0.5,6.55,0,1,28.55,2.5,0
1,2024-01-01 00:36:25.000000,2024-01-01 00:52:20.000000,2,3.2,1,"N",142,68,2,17,3.5,0.5,0,0,1,22,2.5,0
2,2024-01-01 00:17:06.000000,2024-01-01 00:24:35.000000,1,1.39,1,"N",239,48,1,10,1,0.5,3,0,1,18,2.5,0
2,2024-01-01 00:27:00.000000,2024-01-01 00:41:31.000000,1,2.36,1,"N",48,141,1,14.9,1,0.5,3.98,0,1,23.88,2.5,0
2,2024-01-01 00:43:24.000000,2024-01-01 01:01:09.000000,1,4.98,1,"N",140,249,1,23.3,1,0.5,5.66,0,1,33.96,2.5,0
2,2024-01-01 00:04:05.000000,2024-01-01 00:04:11.000000,1,0,5,"N",143,143,1,12.2,0,0,0,0,1,13.2,0,0
2,2024-01-01 00:42:29.000000,2024-01-01 00:57:16.000000,4,4.41,1,"N",141,79,2,21.2,1,0.5,0,0,1,26.2,2.5,0
1,2024-01-01 00:06:49.000000,2024-01-01 00:12:10.000000,1,1.2,1,"N",263,75,1,7.2,3.5,0.5,3.05,0,1,15.25,2.5,0
1,2024-01-01 00:15:10.000000,2024-01-01 00:19:42.000000,1,0.9,1,"N",236,141,1,5.8,3.5,0.5,2.15,0,1,12.95,2.5,0
2,2024-01-01 00:02:33.000000,2024-01-01 00:25:55.000000,1,5.03,1,"N",249,49,1,27.5,1,0.5,8.12,0,1,40.62,2.5,0
2,2024-01-01 00:51:28.000000,2024-01-01 00:59:00.000000,1,1.26,1,"N",148,79,1,9.3,1,0.5,2.86,0,1,17.16,2.5,0
1,2024-01-01 00:19:19.000000,2024-01-01 00:23:46.000000,2,1.1,1,"N",142,238,1,7.2,3.5,0.5,5,0,1,17.2,2.5,0
1,2024-01-01 00:32:10.000000,2024-01-01 00:41:49.000000,3,1,1,"N",142,48,2,10,3.5,0.5,0,0,1,15,2.5,0
1,2024-01-01 00:44:23.000000,2024-01-01 00:50:21.000000,3,1.8,1,"N",50,239,2,10,3.5,0.5,0,0,1,15,2.5,0
1,2024-01-01 00:52:26.000000,2024-01-01 00:55:08.000000,4,0.6,1,"N",239,143,2,5.8,3.5,0.5,0,0,1,10.8,2.5,0
1,2024-01-01 00:57:32.000000,2024-01-01 01:13:00.000000,3,3,1,"N",143,263,1,17.7,3.5,0.5,2.27,0,1,24.97,2.5,0
2,2024-01-01 00:50:58.000000,2024-01-01 01:24:17.000000,1,22.63,1,"N",132,259,1,84.9,1,0.5,18.87,6.94,1,114.96,0,1.75
2,2024-01-01 00:57:49.000000,2024-01-01 01:17:21.000000,1,3.63,1,"N",232,164,2,21.2,1,0.5,0,0,1,26.2,2.5,0
1,2024-01-01 00:25:58.000000,2024-01-01 00:27:19.000000,1,0,5,"N",114,114,1,10,0,0,2.2,0,1,13.2,0,0
1,2024-01-01 00:32:00.000000,2024-01-01 00:36:01.000000,1,0.6,1,"N",249,113,1,5.1,3.5,0.5,0,0,1,10.1,2.5,0
2,2024-01-01 00:07:45.000000,2024-01-01 00:24:46.000000,3,3.5,1,"N",48,140,1,19.1,1,0.5,4.82,0,1,28.92,2.5,0
2,2024-01-01 00:21:11.000000,2024-01-01 00:40:21.000000,1,1.68,1,"N",163,164,1,17.7,1,0.5,2.5,0,1,25.2,2.5,0
2,2024-01-01 00:50:38.000000,2024-01-01 01:06:57.000000,1,1.26,1,"N",90,246,1,14.9,1,0.5,4.98,0,1,24.88,2.5,0
1,2024-01-01 00:56:57.000000,2024-01-01 01:17:54.000000,1,3.4,1,"N",261,107,2,19.1,3.5,0.5,0,0,1,24.1,2.5,0
1,2024-01-01 00:05:19.000000,2024-01-01 00:14:11.000000,3,0.2,1,"N",162,161,2,8.6,3.5,0.5,0,0,1,13.6,2.5,0
1,2024-01-01 00:31:10.000000,2024-01-01 00:36:41.000000,2,0,1,"N",264,162,2,6.5,3.5,0.5,0,0,1,11.5,2.5,0
1,2024-01-01 00:51:58.000000,2024-01-01 01:05:44.000000,2,2.9,1,"Y",264,264,1,16.3,3.5,0.5,4.25,0,1,25.55,2.5,0
2,2024-01-01 00:14:06.000000,2024-01-01 00:17:26.000000,1,0.64,1,"N",249,125,1,5.8,1,0.5,2.7,0,1,13.5,2.5,0
2,2024-01-01 00:26:44.000000,2024-01-01 00:30:55.000000,1,0.81,1,"N",211,158,1,6.5,1,0.5,2.3,0,1,13.8,2.5,0
2,2024-01-01 00:33:57.000000,2024-01-01 00:38:11.000000,1,0.58,1,"N",158,158,1,5.8,1,0.5,2.16,0,1,12.96,2.5,0
2,2024-01-01 00:39:34.000000,2024-01-01 01:22:39.000000,1,4.45,1,"N",158,239,1,40.1,1,0.5,9.02,0,1,54.12,2.5,0
2,2024-01-01 00:10:29.000000,2024-01-01 00:37:11.000000,1,12.29,1,"N",229,26,2,49.2,1,0.5,0,0,1,54.2,2.5,0
1,2024-01-01 00:42:21.000000,2024-01-01 00:59:44.000000,1,1.5,1,"N",166,152,1,16.3,1,0.5,0.94,0,1,19.74,0,0
2,2024-01-01 00:42:51.000000,2024-01-01 01:01:09.000000,4,3.93,1,"N",50,236,2,21.2,1,0.5,0,0,1,26.2,2.5,0
2,2024-01-01 00:19:08.000000,2024-01-01 00:28:34.000000,1,1.49,1,"N",114,90,1,10.7,1,0.5,1.57,0,1,17.27,2.5,0
2,2024-01-01 00:51:13.000000,2024-01-01 01:30:22.000000,1,3.99,1,"N",113,140,1,33.1,1,0.5,5.72,0,1,43.82,2.5,0
1,2024-01-01 00:50:42.000000,2024-01-01 01:06:14.000000,2,1.9,1,"N",249,170,2,13.5,3.5,0.5,0,0,1,18.5,2.5,0
2,2024-01-01 00:05:22.000000,2024-01-01 00:19:36.000000,2,3.83,1,"N",88,79,1,19.1,1,0.5,5,0,1,29.1,2.5,0
2,2024-01-01 00:43:19.000000,2024-01-01 01:05:25.000000,1,2.82,1,"N",233,144,1,20.5,1,0.5,5.1,0,1,30.6,2.5,0
2,2024-01-01 00:12:10.000000,2024-01-01 00:26:16.000000,2,1.26,1,"N",142,162,1,13.5,1,0.5,0,0,1,18.5,2.5,0
2,2024-01-01 00:33:01.000000,2024-01-01 00:45:04.000000,1,2.7,1,"N",161,238,1,14.9,1,0.5,3.98,0,1,23.88,2.5,0
2,2024-01-01 00:25:23.000000,2024-01-01 00:33:38.000000,1,2.67,1,"N",237,74,1,12.8,1,0.5,3.56,0,1,21.36,2.5,0
2,2024-01-01 00:37:38.000000,2024-01-01 01:03:13.000000,1,4.02,1,"N",41,233,1,25.4,1,0.5,6.08,0,1,36.48,2.5,0
2,2024-01-01 00:11:22.000000,2024-01-01 00:20:14.000000,5,1.63,1,"N",246,246,1,11.4,1,0.5,4.92,0,1,21.32,2.5,0
1,2024-01-01 00:21:38.000000,2024-01-01 00:41:05.000000,3,1.7,1,"N",43,170,2,17.7,3.5,0.5,0,0,1,22.7,2.5,0
2,2024-01-01 00:43:30.000000,2024-01-01 01:18:53.000000,2,6.1,1,"N",90,40,1,36.6,1,0.5,12.13,6.94,1,60.67,2.5,0
2,2024-01-01 01:00:23.000000,2024-01-01 01:08:29.000000,4,1.43,1,"N",143,238,2,10,1,0.5,0,0,1,15,2.5,0
2,2024-01-01 00:21:24.000000,2024-01-01 00:27:55.000000,2,1.95,1,"N",79,170,1,10,1,0.5,3,0,1,18,2.5,0
2,2024-01-01 00:36:30.000000,2024-01-01 00:43:59.000000,2,1.61,1,"N",79,170,2,10,1,0.5,0,0,1,15,2.5,0
2,2024-01-01 00:49:23.000000,2024-01-01 00:56:49.000000,2,1.3,1,"N",79,144,1,9.3,1,0.5,1.43,0,1,15.73,2.5,0
2,2024-01-01 01:00:27.000000,2024-01-01 01:26:37.000000,2,5.22,1,"N",79,239,1,27.5,1,0.5,6.5,0,1,39,2.5,0
2,2024-01-01 00:16:57.000000,2024-01-01 00:25:09.000000,1,1.39,1,"N",107,148,1,9.3,1,0.5,2.86,0,1,17.16,2.5,0
2,2024-01-01 00:39:07.000000,2024-01-01 00:44:33.000000,1,0.77,1,"N",79,234,1,7.2,1,0.5,1,0,1,13.2,2.5,0
1,2024-01-01 00:21:19.000000,2024-01-01 00:33:12.000000,3,1.5,1,"N",114,137,1,12.1,3.5,0.5,3.4,0,1,20.5,2.5,0
1,2024-01-01 00:41:36.000000,2024-01-01 00:51:00.000000,1,1.1,1,"N",107,90,1,10,3.5,0.5,3,0,1,18,2.5,0
1,2024-01-01 00:56:41.000000,2024-01-01 01:33:30.000000,4,8.6,1,"N",90,228,1,43.6,3.5,0.5,11.1,6.94,1,66.64,2.5,0
2,2024-01-01 00:10:47.000000,2024-01-01 00:23:00.000000,2,2.11,1,"N",231,79,1,14.2,1,0.5,4.8,0,1,24,2.5,0
2,2024-01-01 00:30:54.000000,2024-01-01 00:39:47.000000,1,1.54,1,"N",114,234,1,10.7,1,0.5,3.14,0,1,18.84,2.5,0
2,2024-01-01 00:56:15.000000,2024-01-01 01:23:55.000000,2,5.48,1,"N",107,239,1,28.9,1,0.5,6.78,0,1,40.68,2.5,0
2,2024-01-01 00:23:52.000000,2024-01-01 00:33:14.000000,1,1.63,1,"N",113,125,1,10.7,1,0.5,3.14,0,1,18.84,2.5,0
2,2024-01-01 00:35:51.000000,2024-01-01 01:28:05.000000,1,5.71,1,"N",158,141,1,46.4,1,0.5,5,0,1,56.4,2.5,0
2,2024-01-01 00:17:21.000000,2024-01-01 00:23:22.000000,5,1.31,1,"N",229,140,2,7.9,1,0.5,0,0,1,12.9,2.5,0
2,2024-01-01 00:33:22.000000,2024-01-01 00:49:31.000000,1,11.29,1,"N",132,138,1,42.2,6,0.5,7.72,0,1,59.17,0,1.75
2,2024-01-01 00:12:25.000000,2024-01-01 00:23:22.000000,3,1.69,1,"N",43,151,1,12.8,1,0.5,5,0,1,22.8,2.5,0
2,2024-01-01 00:28:17.000000,2024-01-01 00:35:13.000000,2,1.25,1,"N",238,142,1,9.3,1,0.5,2.86,0,1,17.16,2.5,0
2,2024-01-01 00:36:56.000000,2024-01-01 00:41:56.000000,2,1.17,1,"N",142,238,1,7.9,1,0.5,2.58,0,1,15.48,2.5,0
2,2024-01-01 00:48:22.000000,2024-01-01 01:03:47.000000,2,3.92,1,"N",48,75,1,19.1,1,0.5,4.82,0,1,28.92,2.5,0
2,2024-01-01 00:13:02.000000,2024-01-01 00:14:43.000000,1,0.43,1,"N",141,141,1,4.4,1,0.5,2.82,0,1,12.22,2.5,0
2,2024-01-01 00:22:52.000000,2024-01-01 00:43:14.000000,1,2.73,1,"N",237,238,2,19.8,1,0.5,0,0,1,24.8,2.5,0
2,2024-01-01 00:03:43.000000,2024-01-01 00:08:33.000000,1,0.82,1,"N",164,90,2,6.5,1,0.5,0,0,1,11.5,2.5,0
2,2024-01-01 00:16:36.000000,2024-01-01 00:53:59.000000,1,2.64,1,"N",68,229,1,30.3,1,0.5,10.59,0,1,45.89,2.5,0
2,2024-01-01 00:59:05.000000,2024-01-01 01:41:53.000000,2,9.45,1,"N",233,188,1,47.8,1,0.5,10.56,0,1,63.36,2.5,0
1,2024-01-01 00:52:03.000000,2024-01-01 01:49:51.000000,1,6.3,1,"N",249,166,1,49.2,3.5,0.5,10.85,0,1,65.05,2.5,0
1,2024-01-01 00:40:00.000000,2024-01-01 00:57:38.000000,1,1.9,1,"N",161,141,2,16.3,3.5,0.5,0,0,1,21.3,2.5,0
2,2024-01-01 00:18:17.000000,2024-01-01 00:39:02.000000,1,2.17,1,"N",161,79,1,19.1,1,0.5,4.82,0,1,28.92,2.5,0
2,2024-01-01 00:40:44.000000,2024-01-01 00:49:44.000000,1,1.2,1,"N",79,148,1,10,1,0.5,3,0,1,18,2.5,0
2,2024-01-01 00:54:53.000000,2024-01-01 01:15:08.000000,1,3.22,1,"N",148,229,1,20.5,1,0.5,5.1,0,1,30.6,2.5,0
1,2024-01-01 00:18:21.000000,2024-01-01 00:26:32.000000,2,1.4,1,"N",239,236,1,9.3,3.5,0.5,4.25,0,1,18.55,2.5,0
1,2024-01-01 00:29:10.000000,2024-01-01 00:32:53.000000,2,1.4,1,"N",263,229,1,7.9,3.5,0.5,1,0,1,13.9,2.5,0
1,2024-01-01 00:41:51.000000,2024-01-01 00:44:16.000000,1,0.9,1,"N",263,75,1,5.8,3.5,0.5,1,0,1,11.8,2.5,0
1,2024-01-01 00:52:22.000000,2024-01-01 00:58:33.000000,2,0.9,1,"N",75,263,1,7.2,3.5,0.5,3,0,1,15.2,2.5,0
2,2024-01-01 00:24:46.000000,2024-01-01 00:37:33.000000,1,1.04,1,"N",229,164,1,12.1,1,0.5,3.42,0,1,20.52,2.5,0
2,2024-01-01 00:50:58.000000,2024-01-01 00:57:50.000000,1,0.78,1,"N",170,137,1,7.9,1,0.5,2.58,0,1,15.48,2.5,0
1,2024-01-01 00:19:40.000000,2024-01-01 00:38:32.000000,0,2.6,1,"N",79,170,1,17.7,3.5,0.5,4.5,0,1,27.2,2.5,0
2,2024-01-01 00:07:49.000000,2024-01-01 00:16:50.000000,4,1.56,1,"N",234,170,1,10.7,1,0.5,3.14,0,1,18.84,2.5,0
2,2024-01-01 00:12:43.000000,2024-01-01 00:17:22.000000,3,1.45,1,"N",141,75,1,8.6,1,0.5,4.08,0,1,17.68,2.5,0
2,2024-01-01 00:20:31.000000,2024-01-01 00:25:08.000000,2,1.14,1,"N",75,75,2,7.9,1,0.5,0,0,1,10.4,0,0
2,2024-01-01 00:30:44.000000,2024-01-01 00:37:10.000000,2,1.48,1,"N",43,237,1,9.3,1,0.5,2.86,0,1,17.16,2.5,0
2,2024-01-01 00:43:55.000000,2024-01-01 00:56:27.000000,4,2.5,1,"N",237,238,2,14.9,1,0.5,0,0,1,19.9,2.5,0
1,2024-01-01 00:52:15.000000,2024-01-01 01:10:01.000000,4,2.2,1,"N",79,233,1,17,3.5,0.5,2,0,1,24,2.5,0
2,2024-01-01 00:34:01.000000,2024-01-01 00:43:19.000000,2,0.96,1,"N",234,186,2,10,1,0.5,0,0,1,15,2.5,0
2,2024-01-01 00:52:10.000000,2024-01-01 01:11:23.000000,1,2.87,1,"N",186,4,1,19.8,1,0.5,1.2,0,1,26,2.5,0
1,2024-01-01 00:15:55.000000,2024-01-01 00:44:30.000000,1,4.2,1,"N",148,263,1,27.5,3.5,0.5,3.2,0,1,35.7,2.5,0
1,2024-01-01 00:45:36.000000,2024-01-01 00:50:20.000000,1,0.9,1,"N",263,264,4,7.2,3.5,0.5,0,0,1,12.2,2.5,0
1,2024-01-01 00:55:24.000000,2024-01-01 01:28:19.000000,1,5,1,"N",263,90,1,31,3.5,0.5,0.1,0,1,36.1,2.5,0
2,2024-01-01 00:23:23.000000,2024-01-01 00:43:39.000000,2,2.16,1,"N",68,170,2,18.4,1,0.5,0,0,1,23.4,2.5,0
2,2024-01-01 00:50:44.000000,2024-01-01 01:16:42.000000,3,8.28,1,"N",170,49,1,36.6,1,0.5,10.4,0,1,52,2.5,0
2,2024-01-01 00:09:48.000000,2024-01-01 00:28:42.000000,1,4.35,1,"N",107,255,1,22.6,1,0.5,6.91,6.94,1,41.45,2.5,0
2,2024-01-01 00:40:32.000000,2024-01-01 00:53:31.000000,1,2.4,1,"N",148,90,2,14.9,1,0.5,0,0,1,19.9,2.5,0
2,2024-01-01 00:08:24.000000,2024-01-01 00:22:31.000000,1,1.86,1,"N",231,79,1,14.2,1,0.5,3.84,0,1,23.04,2.5,0
2,2024-01-01 00:26:11.000000,2024-01-01 00:38:34.000000,1,1.64,1,"N",79,211,1,12.8,1,0.5,1.5,0,1,19.3,2.5,0
2,2024-01-01 00:41:14.000000,2024-01-01 00:47:37.000000,1,1.18,1,"N",211,231,1,7.9,1,0.5,2.58,0,1,15.48,2.5,0
2,2024-01-01 00:49:01.000000,2024-01-01 01:27:56.000000,1,4.23,1,"N",231,48,2,34.5,1,0.5,0,0,1,39.5,2.5,0
2,2024-01-01 00:44:40.000000,2024-01-01 01:21:18.000000,1,17.97,2,"N",132,79,1,70,0,0.5,16.19,6.94,1,97.13,2.5,0
2,2024-01-01 00:36:52.000000,2024-01-01 00:47:39.000000,1,1.34,1,"N",249,79,1,11.4,1,0.5,3.28,0,1,19.68,2.5,0
2,2024-01-01 00:50:19.000000,2024-01-01 01:00:35.000000,4,1.79,1,"N",79,158,1,12.1,1,0.5,3.42,0,1,20.52,2.5,0
2,2024-01-01 00:53:10.000000,2024-01-01 01:03:58.000000,2,0.99,1,"N",170,237,1,11.4,1,0.5,3.28,0,1,19.68,2.5,0
2,2024-01-01 00:24:02.000000,2024-01-01 01:10:32.000000,1,8.74,1,"N",90,225,4,-47.8,-1,-0.5,0,0,-1,-52.8,-2.5,0
2,2024-01-01 00:24:02.000000,2024-01-01 01:10:32.000000,1,8.74,1,"N",90,225,4,47.8,1,0.5,0,0,1,52.8,2.5,0
2,2024-01-01 00:40:17.000000,2024-01-01 01:22:45.000000,1,4.43,1,"N",158,237,1,35.9,1,0.5,8.18,0,1,49.08,2.5,0
2,2024-01-01 00:27:32.000000,2024-01-01 00:39:00.000000,3,1.5,1,"N",142,237,1,12.1,1,0.5,2,0,1,19.1,2.5,0
2,2024-01-01 00:46:17.000000,2024-01-01 01:00:11.000000,2,1.36,1,"N",237,48,1,13.5,1,0.5,2.78,0,1,21.28,2.5,0
2,2024-01-01 00:19:47.000000,2024-01-01 00:28:35.000000,1,0.98,1,"N",113,170,1,9.3,1,0.5,2.86,0,1,17.16,2.5,0
2,2024-01-01 00:40:03.000000,2024-01-01 00:46:56.000000,1,0.71,1,"N",114,211,1,7.9,1,0.5,2.58,0,1,15.48,2.5,0
2,2024-01-01 00:48:38.000000,2024-01-01 00:55:58.000000,1,1.78,1,"N",211,90,1,10.7,1,0.5,3.14,0,1,18.84,2.5,0
2,2024-01-01 00:17:57.000000,2024-01-01 00:33:51.000000,2,1.97,1,"N",142,141,1,16.3,1,0.5,0.1,0,1,21.4,2.5,0
2,2024-01-01 00:35:29.000000,2024-01-01 00:51:59.000000,3,2.25,1,"N",141,143,1,17,1,0.5,4.4,0,1,26.4,2.5,0
2,2024-01-01 00:55:53.000000,2024-01-01 01:13:06.000000,3,4.01,1,"N",142,42,1,20.5,1,0.5,6.38,0,1,31.88,2.5,0
2,2024-01-01 00:23:51.000000,2024-01-01 00:42:43.000000,1,0.36,1,"N",163,161,1,15.6,1,0.5,0,0,1,20.6,2.5,0
2,2024-01-01 00:45:08.000000,2024-01-01 00:55:47.000000,1,0.7,1,"N",161,229,1,10,1,0.5,3,0,1,18,2.5,0
2,2024-01-01 00:57:41.000000,2024-01-01 01:02:51.000000,1,0.86,1,"N",229,140,1,7.2,1,0.5,0,0,1,12.2,2.5,0
2,2024-01-01 00:32:58.000000,2024-01-01 00:48:00.000000,1,2.78,1,"N",236,48,1,17,1,0.5,1,0,1,23,2.5,0
2,2024-01-01 00:49:19.000000,2024-01-01 01:07:13.000000,1,1.85,1,"N",48,234,1,16.3,1,0.5,0.01,0,1,21.31,2.5,0
2,2024-01-01 00:59:26.000000,2024-01-01 01:22:31.000000,1,3.6,1,"N",4,229,1,23.3,1,0.5,7.08,0,1,35.38,2.5,0
1,2024-01-01 00:21:23.000000,2024-01-01 00:29:54.000000,1,1.6,1,"N",43,263,1,10.7,3.5,0.5,3.1,0,1,18.8,2.5,0
1,2024-01-01 00:47:58.000000,2024-01-01 01:03:49.000000,2,2.5,1,"N",238,50,2,16.3,3.5,0.5,0,0,1,21.3,2.5,0
2,2024-01-01 00:22:24.000000,2024-01-01 00:36:16.000000,2,4.09,1,"N",224,236,2,19.1,1,0.5,0,0,1,24.1,2.5,0
2,2024-01-01 00:51:54.000000,2024-01-01 01:02:46.000000,2,0.86,1,"N",43,161,2,10,1,0.5,0,0,1,15,2.5,0
1,2024-01-01 00:09:52.000000,2024-01-01 00:25:25.000000,2,1.7,1,"N",144,148,1,14.2,3.5,0.5,3.8,0,1,23,2.5,0
2,2024-01-01 00:27:12.000000,2024-01-01 00:35:58.000000,1,1.66,1,"N",237,239,1,11.4,1,0.5,3.28,0,1,19.68,2.5,0
2,2024-01-01 00:40:30.000000,2024-01-01 00:47:06.000000,2,0.98,1,"N",43,239,2,8.6,1,0.5,0,0,1,13.6,2.5,0
2,2024-01-01 00:49:54.000000,2024-01-01 01:02:27.000000,2,3.27,1,"N",239,74,1,16.3,1,0.5,4.26,0,1,25.56,2.5,0
2,2024-01-01 00:17:40.000000,2024-01-01 00:25:22.000000,2,0.76,1,"N",234,170,1,8.6,1,0.5,2.04,0,1,15.64,2.5,0
2,2024-01-01 00:36:09.000000,2024-01-01 01:07:27.000000,2,5.02,1,"N",107,238,1,30.3,1,0.5,5.3,0,1,40.6,2.5,0
2,2024-01-01 00:28:27.000000,2024-01-01 00:29:15.000000,4,0,5,"N",265,265,1,180,0,0,36.2,0,1,217.2,0,0
2,2024-01-01 00:19:47.000000,2024-01-01 00:35:18.000000,2,3.42,1,"N",164,262,1,18.4,1,0.5,7.02,0,1,30.42,2.5,0
2,2024-01-01 00:37:04.000000,2024-01-01 00:49:20.000000,1,2.93,1,"N",262,142,1,15.6,1,0.5,0,0,1,20.6,2.5,0
2,2024-01-01 00:51:54.000000,2024-01-01 00:56:52.000000,3,0.91,1,"N",142,239,2,7.2,1,0.5,0,0,1,12.2,2.5,0
2,2024-01-01 00:18:12.000000,2024-01-01 00:25:40.000000,1,1.19,1,"N",79,231,1,9.3,1,0.5,2.86,0,1,17.16,2.5,0
2,2024-01-01 00:47:20.000000,2024-01-01 01:05:04.000000,2,4.88,1,"N",79,33,1,23.3,1,0.5,4.24,0,1,32.54,2.5,0
1,2024-01-01 00:23:35.000000,2024-01-01 00:38:12.000000,3,2,1,"N",48,237,1,14.9,3.5,0.5,2.59,0,1,22.49,2.5,0
1,2024-01-01 00:43:01.000000,2024-01-01 01:15:27.000000,1,4.9,1,"N",237,249,1,31,3.5,0.5,7.2,0,1,43.2,2.5,0
2,2024-01-01 00:29:18.000000,2024-01-01 00:41:40.000000,1,2.05,1,"N",114,261,1,13.5,1,0.5,10,0,1,28.5,2.5,0
2,2024-01-01 00:43:45.000000,2024-01-01 01:17:21.000000,1,7.61,1,"N",261,262,1,39.4,1,0.5,8.88,0,1,53.28,2.5,0
2,2024-01-01 00:07:43.000000,2024-01-01 00:16:24.000000,1,0.64,1,"N",170,161,1,9.3,1,0.5,2.86,0,1,17.16,2.5,0
2,2024-01-01 00:36:43.000000,2024-01-01 00:50:05.000000,1,1.23,1,"N",164,233,1,12.8,1,0.5,1.78,0,1,19.58,2.5,0
2,2024-01-01 00:05:33.000000,2024-01-01 00:13:05.000000,2,1.11,1,"N",234,79,1,8.6,1,0.5,2.72,0,1,16.32,2.5,0
2,2024-01-01 00:19:24.000000,2024-01-01 00:38:44.000000,4,1.07,1,"N",234,164,2,15.6,1,0.5,0,0,1,20.6,2.5,0
2,2024-01-01 00:02:20.000000,2024-01-01 00:10:43.000000,1,0.72,1,"N",170,234,1,8.6,1,0.5,0,0,1,13.6,2.5,0
2,2024-01-01 00:16:25.000000,2024-01-01 00:52:16.000000,1,1.73,1,"N",186,48,1,28.9,1,0.5,6.78,0,1,40.68,2.5,0
2,2024-01-01 00:56:32.000000,2024-01-01 01:19:53.000000,1,2.4,1,"N",48,249,1,21.2,1,0.5,5.24,0,1,31.44,2.5,0
1,2024-01-01 00:38:44.000000,2024-01-01 00:47:09.000000,1,0.7,1,"N",234,186,1,8.6,3.5,0.5,2.7,0,1,16.3,2.5,0
1,2024-01-01 00:56:13.000000,2024-01-01 01:16:41.000000,2,3.7,1,"N",249,52,1,21.2,3.5,0.5,5.2,0,1,31.4,2.5,0
2,2024-01-01 00:08:37.000000,2024-01-01 00:20:38.000000,4,2.33,1,"N",239,41,1,14.9,1,0.5,3.98,0,1,23.88,2.5,0
2,2024-01-01 00:28:21.000000,2024-01-01 00:40:57.000000,1,3.03,1,"N",75,48,1,16.3,1,0.5,6.39,0,1,27.69,2.5,0
2,2024-01-01 00:42:36.000000,2024-01-01 00:58:47.000000,2,2.29,1,"N",48,68,1,16.3,1,0.5,2.1,0,1,23.4,2.5,0
2,2024-01-01 00:18:32.000000,2024-01-01 00:24:59.000000,3,0.82,1,"N",237,229,1,7.9,1,0.5,2.58,0,1,15.48,2.5,0
2,2024-01-01 00:01:47.000000,2024-01-01 00:24:51.000000,3,6.69,1,"N",163,261,1,31.7,1,0.5,7.34,0,1,44.04,2.5,0
2,2024-01-01 00:24:04.000000,2024-01-01 01:23:59.000000,1,4.85,1,"N",113,239,1,49.2,1,0.5,10.84,0,1,65.04,2.5,0
2,2024-01-01 00:17:03.000000,2024-01-01 00:42:42.000000,2,20.01,2,"N",132,151,1,70,0,0.5,23.53,6.94,1,103.72,0,1.75
2,2024-01-01 00:15:09.000000,2024-01-01 00:27:02.000000,2,4.52,1,"N",232,237,1,20.5,1,0.5,10,0,1,35.5,2.5,0
2,2024-01-01 00:13:33.000000,2024-01-01 00:25:20.000000,1,2.24,1,"N",236,142,1,13.5,1,0.5,3.7,0,1,22.2,2.5,0
2,2024-01-01 00:40:09.000000,2024-01-01 00:48:30.000000,1,0.99,1,"N",163,162,1,9.3,1,0.5,2.86,0,1,17.16,2.5,0
2,2024-01-01 00:59:13.000000,2024-01-01 01:14:20.000000,1,7.46,1,"N",166,220,1,30.3,1,0.5,7,3.18,1,42.98,0,0
2,2024-01-01 00:19:00.000000,2024-01-01 00:35:11.000000,1,6.29,1,"N",107,13,1,27.5,1,0.5,6.5,0,1,39,2.5,0
2,2024-01-01 00:50:35.000000,2024-01-01 01:49:03.000000,1,9.58,1,"N",90,243,1,63.2,1,0.5,17.05,0,1,85.25,2.5,0
1,2024-01-01 00:34:31.000000,2024-01-01 00:41:48.000000,2,0.8,1,"N",229,137,1,7.9,3.5,0.5,1.75,0,1,14.65,2.5,0
2,2024-01-01 00:45:15.000000,2024-01-01 00:58:00.000000,2,1.77,1,"N",164,249,1,12.8,1,0.5,3.56,0,1,21.36,2.5,0
2,2024-01-01 00:59:25.000000,2024-01-01 01:36:39.000000,1,2.13,1,"N",249,50,1,31,1,0.5,7.2,0,1,43.2,2.5,0
1,2024-01-01 00:22:36.000000,2024-01-01 00:38:03.000000,1,4.1,1,"N",163,260,2,18.4,3.5,0.5,0,0,1,23.4,2.5,0
1,2024-01-01 00:54:07.000000,2024-01-01 01:12:18.000000,1,4,1,"N",140,24,1,19.1,3.5,0.5,10,0,1,34.1,2.5,0
2,2024-01-01 00:25:25.000000,2024-01-01 00:30:31.000000,1,1.53,1,"N",143,238,1,8.6,1,0.5,2.72,0,1,16.32,2.5,0
2,2024-01-01 00:33:26.000000,2024-01-01 00:45:59.000000,1,2.43,1,"N",238,262,1,14.9,1,0.5,3,0,1,22.9,2.5,0
1,2024-01-01 00:24:25.000000,2024-01-01 00:32:00.000000,2,1.4,1,"N",142,236,2,10,3.5,0.5,0,0,1,15,2.5,0
1,2024-01-01 00:32:59.000000,2024-01-01 00:38:00.000000,2,0.7,1,"N",236,262,1,6.5,3.5,0.5,0,0,1,11.5,2.5,0
2,2024-01-01 00:41:03.000000,2024-01-01 00:45:25.000000,1,0.6,1,"N",79,114,1,6.5,1,0.5,3,0,1,14.5,2.5,0
2,2024-01-01 00:46:27.000000,2024-01-01 01:04:58.000000,1,1.57,1,"N",114,158,2,16.3,1,0.5,0,0,1,21.3,2.5,0
1,2024-01-01 00:40:39.000000,2024-01-01 00:49:22.000000,1,2.5,1,"N",138,83,2,13.5,6.75,0.5,0,0,1,21.75,0,1.75
2,2023-12-31 23:41:02.000000,2023-12-31 23:48:03.000000,1,0.4,1,"N",246,246,2,7.2,1,0.5,0,0,1,12.2,2.5,0
2,2024-01-01 00:18:23.000000,2024-01-01 00:33:13.000000,1,2.11,1,"N",249,68,1,14.9,1,0.5,4.98,0,1,24.88,2.5,0
2,2024-01-01 00:35:41.000000,2024-01-01 00:41:52.000000,1,1.28,1,"N",114,231,1,8.6,1,0.5,2.72,0,1,16.32,2.5,0
2,2024-01-01 00:43:25.000000,2024-01-01 00:49:51.000000,1,1.83,1,"N",231,113,1,10,1,0.5,3,0,1,18,2.5,0
2,2024-01-01 00:50:46.000000,2024-01-01 01:18:32.000000,1,5.85,1,"N",113,74,1,30.3,1,0.5,8.82,0,1,44.12,2.5,0
1,2024-01-01 00:23:59.000000,2024-01-01 00:40:42.000000,1,1.3,1,"N",161,229,1,13.5,3.5,0.5,3.7,0,1,22.2,2.5,0
1,2024-01-01 00:43:01.000000,2024-01-01 00:53:43.000000,1,1.9,1,"N",229,263,1,11.4,3.5,0.5,3.3,0,1,19.7,2.5,0
2,2024-01-01 00:20:33.000000,2024-01-01 00:26:33.000000,2,0.99,1,"N",114,113,1,7.9,1,0.5,2.58,0,1,15.48,2.5,0
2,2024-01-01 00:01:57.000000,2024-01-01 00:26:08.000000,1,4.62,1,"N",143,79,1,25.4,1,0.5,2,0,1,32.4,2.5,0
2,2024-01-01 00:29:33.000000,2024-01-01 00:39:56.000000,4,0.92,1,"N",79,144,1,10.7,1,0.5,1,0,1,16.7,2.5,0
2,2024-01-01 00:42:51.000000,2024-01-01 01:16:30.000000,1,4.43,1,"N",144,142,1,31,1,0.5,7.2,0,1,43.2,2.5,0
1,2024-01-01 00:38:29.000000,2024-01-01 00:45:45.000000,1,1.6,1,"N",75,151,2,10,1,0.5,0,0,1,12.5,0,0
1,2024-01-01 00:50:52.000000,2024-01-01 01:00:05.000000,1,1.9,1,"N",238,166,2,12.1,3.5,0.5,0,0,1,17.1,2.5,0
2,2024-01-01 00:23:35.000000,2024-01-01 00:33:53.000000,6,1.86,1,"N",148,231,1,12.8,1,0.5,3.56,0,1,21.36,2.5,0
2,2024-01-01 00:16:52.000000,2024-01-01 00:28:23.000000,1,3,1,"N",236,166,1,14.9,1,0.5,4.97,0,1,24.87,2.5,0
2,2024-01-01 00:32:41.000000,2024-01-01 00:44:30.000000,2,2.6,1,"N",166,143,1,15.6,1,0.5,5.15,0,1,25.75,2.5,0
2,2024-01-01 00:30:04.000000,2024-01-01 00:38:38.000000,1,1.08,1,"N",239,142,1,9.3,1,0.5,3.58,0,1,17.88,2.5,0
2,2024-01-01 00:42:24.000000,2024-01-01 01:32:09.000000,1,17.33,1,"N",142,14,1,73.7,1,0.5,80,6.94,1,165.64,2.5,0
1,2024-01-01 00:22:37.000000,2024-01-01 00:28:23.000000,0,0.8,1,"N",148,107,1,6.5,3.5,0.5,2.3,0,1,13.8,2.5,0
1,2024-01-01 00:29:31.000000,2024-01-01 00:41:08.000000,0,1.7,1,"N",107,249,1,11.4,3.5,0.5,4.9,0,1,21.3,2.5,0
1,2024-01-01 00:42:39.000000,2024-01-01 00:49:27.000000,0,0.8,1,"N",249,249,1,7.2,3.5,0.5,5,0,1,17.2,2.5,0
2,2024-01-01 00:17:17.000000,2024-01-01 00:23:11.000000,5,0.94,1,"N",144,231,1,7.9,1,0.5,0,0,1,12.9,2.5,0
2,2024-01-01 00:27:28.000000,2024-01-01 00:37:01.000000,5,1.33,1,"N",125,148,1,10,1,0.5,3,0,1,18,2.5,0
2,2024-01-01 00:41:12.000000,2024-01-01 00:57:06.000000,5,3,1,"N",148,170,1,17,1,0.5,4.4,0,1,26.4,2.5,0
2,2024-01-01 00:24:22.000000,2024-01-01 00:33:53.000000,1,1.06,1,"N",114,148,1,10,1,0.5,1.11,0,1,16.11,2.5,0
2,2024-01-01 00:39:41.000000,2024-01-01 00:48:25.000000,1,1.74,1,"N",114,170,1,11.4,1,0.5,3.28,0,1,19.68,2.5,0
2,2024-01-01 00:02:27.000000,2024-01-01 00:26:54.000000,1,4.19,1,"N",107,217,1,26.1,1,0.5,6.22,0,1,37.32,2.5,0
2,2024-01-01 00:14:33.000000,2024-01-01 00:22:24.000000,2,2.41,1,"N",236,74,2,12.1,1,0.5,0,0,1,17.1,2.5,0
2,2024-01-01 00:09:10.000000,2024-01-01 00:43:32.000000,1,3.87,1,"N",249,143,1,31,1,0.5,7.2,0,1,43.2,2.5,0
2,2024-01-01 00:54:03.000000,2024-01-01 01:18:27.000000,1,2.84,1,"N",143,246,1,23.3,1,0.5,4.24,0,1,32.54,2.5,0
2,2024-01-01 00:04:42.000000,2024-01-01 00:21:14.000000,2,1.46,1,"N",234,68,1,15.6,1,0.5,6.18,0,1,26.78,2.5,0
2,2024-01-01 00:41:09.000000,2024-01-01 00:58:08.000000,2,2.41,1,"N",68,232,1,17,1,0.5,5.5,0,1,27.5,2.5,0
2,2024-01-01 00:21:03.000000,2024-01-01 00:40:42.000000,1,3.94,1,"N",43,79,1,21.2,1,0.5,5.24,0,1,31.44,2.5,0
2,2024-01-01 00:11:53.000000,2024-01-01 00:26:13.000000,2,2.4,1,"N",234,246,1,15.6,1,0.5,4.12,0,1,24.72,2.5,0
2,2024-01-01 00:39:13.000000,2024-01-01 01:11:26.000000,1,1.32,1,"N",246,50,2,26.1,1,0.5,0,0,1,31.1,2.5,0
1,2024-01-01 00:16:30.000000,2024-01-01 00:29:32.000000,3,2.8,1,"N",236,233,1,15.6,3.5,0.5,3,0,1,23.6,2.5,0
1,2024-01-01 00:32:57.000000,2024-01-01 00:43:47.000000,1,2.2,1,"N",229,263,1,12.8,3.5,0.5,3.55,0,1,21.35,2.5,0
1,2024-01-01 00:45:21.000000,2024-01-01 00:53:01.000000,2,2.2,1,"N",236,74,1,11.4,3.5,0.5,4.05,0,1,20.45,2.5,0
2,2024-01-01 00:15:44.000000,2024-01-01 00:28:58.000000,1,1.97,1,"N",164,141,2,13.5,1,0.5,0,0,1,18.5,2.5,0
2,2024-01-01 00:36:30.000000,2024-01-01 01:05:26.000000,1,1.54,1,"N",229,100,1,24,1,0.5,7.25,0,1,36.25,2.5,0
2,2024-01-01 00:28:25.000000,2024-01-01 00:36:57.000000,1,1.35,1,"N",162,170,1,10,1,0.5,3,0,1,18,2.5,0
2,2024-01-01 00:48:44.000000,2024-01-01 01:17:07.000000,2,3.58,1,"N",237,79,1,26.1,1,0.5,6.22,0,1,37.32,2.5,0
2,2024-01-01 00:37:50.000000,2024-01-01 00:41:51.000000,2,0.95,1,"N",140,263,1,6.5,1,0.5,1.72,0,1,13.22,2.5,0
2,2024-01-01 00:42:53.000000,2024-01-01 00:50:55.000000,1,1.57,1,"N",263,239,1,10,1,0.5,1,0,1,16,2.5,0
2,2024-01-01 00:52:47.000000,2024-01-01 01:21:50.000000,1,2.82,1,"N",142,170,1,26.1,1,0.5,2,0,1,33.1,2.5,0
2,2024-01-01 00:20:05.000000,2024-01-01 00:44:26.000000,1,2.82,1,"N",246,162,1,21.9,1,0.5,5.38,0,1,32.28,2.5,0
2,2024-01-01 00:47:21.000000,2024-01-01 00:55:24.000000,1,1.83,1,"N",162,263,1,10.7,1,0.5,3.14,0,1,18.84,2.5,0
1,2024-01-01 00:41:15.000000,2024-01-01 01:09:10.000000,1,3.2,1,"N",164,236,2,24,3.5,0.5,0,0,1,29,2.5,0
2,2024-01-01 00:02:28.000000,2024-01-01 00:19:21.000000,2,4.28,1,"N",234,65,1,21.2,1,0.5,3,0,1,29.2,2.5,0
1,2024-01-01 00:37:53.000000,2024-01-01 00:47:09.000000,1,1.4,1,"N",79,158,1,9.3,3.5,0.5,2.85,0,1,17.15,2.5,0
1,2024-01-01 00:49:55.000000,2024-01-01 00:58:27.000000,1,1.1,1,"N",249,125,1,8.6,3.5,0.5,10,0,1,23.6,2.5,0
2,2024-01-01 00:34:32.000000,2024-01-01 00:54:47.000000,1,0.99,1,"N",162,107,1,17,1,0.5,4,0,1,26,2.5,0
2,2024-01-01 00:58:37.000000,2024-01-01 01:13:34.000000,1,1.03,1,"N",164,114,1,13.5,1,0.5,3.7,0,1,22.2,2.5,0
2,2024-01-01 00:08:41.000000,2024-01-01 00:58:28.000000,2,7.52,1,"N",79,166,1,49.9,1,0.5,2,0,1,56.9,2.5,0
2,2024-01-01 00:33:23.000000,2024-01-01 00:46:02.000000,2,2.14,1,"N",161,262,1,14.9,1,0.5,4.97,0,1,24.87,2.5,0
2,2024-01-01 00:47:49.000000,2024-01-01 00:56:03.000000,1,1.71,1,"N",262,237,1,10.7,1,0.5,3.92,0,1,19.62,2.5,0
2,2024-01-01 00:58:09.000000,2024-01-01 01:14:35.000000,1,1.1,1,"N",162,164,1,14.9,1,0.5,4.97,0,1,24.87,2.5,0
2,2024-01-01 00:38:28.000000,2024-01-01 00:44:29.000000,1,1.55,1,"N",263,229,2,8.6,1,0.5,0,0,1,13.6,2.5,0
2,2024-01-01 00:19:51.000000,2024-01-01 00:53:49.000000,3,3.43,1,"N",246,239,2,31.7,1,0.5,0,0,1,36.7,2.5,0
1,2024-01-01 00:06:53.000000,2024-01-01 00:18:28.000000,1,2.6,1,"N",238,237,1,14.9,3.5,0.5,3.98,0,1,23.88,2.5,0
1,2024-01-01 00:40:50.000000,2024-01-01 00:46:09.000000,2,0.7,1,"N",237,141,2,7.2,3.5,0.5,0,0,1,12.2,2.5,0
1,2024-01-01 00:48:45.000000,2024-01-01 00:53:50.000000,1,1.2,1,"N",237,229,1,7.9,3.5,0.5,2.55,0,1,15.45,2.5,0
1,2024-01-01 00:59:08.000000,2024-01-01 01:03:08.000000,4,0.6,1,"N",237,237,1,6.5,3.5,0.5,1.96,0,1,13.46,2.5,0
1,2024-01-01 00:15:02.000000,2024-01-01 00:31:34.000000,1,3.6,1,"N",170,7,2,19.8,3.5,0.5,0,0,1,24.8,2.5,0
1,2024-01-01 00:45:19.000000,2024-01-01 00:56:09.000000,1,0.6,1,"N",43,161,1,10.7,3.5,0.5,20,0,1,35.7,2.5,0
2,2024-01-01 00:25:43.000000,2024-01-01 00:54:10.000000,1,2.64,1,"N",246,170,1,24,1,0.5,8.7,0,1,37.7,2.5,0
2,2024-01-01 00:55:47.000000,2024-01-01 01:02:02.000000,1,0.64,1,"N",170,234,1,7.2,1,0.5,2.44,0,1,14.64,2.5,0
2,2024-01-01 00:14:38.000000,2024-01-01 00:18:29.000000,5,0.84,1,"N",79,107,2,6.5,1,0.5,0,0,1,11.5,2.5,0
2,2024-01-01 00:36:30.000000,2024-01-01 00:54:58.000000,5,2.44,1,"N",79,237,1,17.7,1,0.5,4.54,0,1,27.24,2.5,0
2,2024-01-01 00:56:01.000000,2024-01-01 01:08:53.000000,5,2.44,1,"N",237,239,1,14.9,1,0.5,3.98,0,1,23.88,2.5,0
1,2024-01-01 00:15:00.000000,2024-01-01 00:26:52.000000,1,3.8,1,"N",79,263,1,17,3.5,0.5,5.5,0,1,27.5,2.5,0
1,2024-01-01 00:28:37.000000,2024-01-01 00:31:24.000000,2,0.7,1,"N",263,264,1,5.1,3.5,0.5,2,0,1,12.1,2.5,0
1,2024-01-01 00:36:35.000000,2024-01-01 00:40:41.000000,1,1,1,"N",141,264,1,7.2,3.5,0.5,2.4,0,1,14.6,2.5,0
1,2024-01-01 00:46:12.000000,2024-01-01 00:57:11.000000,2,1.2,1,"N",264,170,1,10,3.5,0.5,2,0,1,17,2.5,0
2,2024-01-01 00:10:49.000000,2024-01-01 00:21:52.000000,1,1.86,1,"N",158,231,1,12.1,1,0.5,3.42,0,1,20.52,2.5,0
2,2024-01-01 00:26:43.000000,2024-01-01 00:36:27.000000,1,2.01,1,"N",231,68,1,11.4,1,0.5,3.28,0,1,19.68,2.5,0
2,2024-01-01 00:53:04.000000,2024-01-01 01:18:02.000000,1,2.18,1,"N",246,79,2,21.2,1,0.5,0,0,1,26.2,2.5,0
1,2024-01-01 00:20:18.000000,2024-01-01 00:24:17.000000,2,0.7,1,"N",234,114,1,6.5,3.5,0.5,2.3,0,1,13.8,2.5,0
1,2024-01-01 00:30:47.000000,2024-01-01 00:40:56.000000,2,2.6,1,"N",113,88,2,12.8,3.5,0.5,0,0,1,17.8,2.5,0
1,2024-01-01 00:43:42.000000,2024-01-01 00:53:38.000000,4,3.5,1,"N",12,4,2,16.3,3.5,0.5,0,0,1,21.3,2.5,0
1,2024-01-01 00:57:54.000000,2024-01-01 01:09:10.000000,2,1.5,1,"N",79,158,1,10.7,3.5,0.5,3.14,0,1,18.84,2.5,0
2,2024-01-01 00:39:37.000000,2024-01-01 01:28:50.000000,1,3.47,1,"N",90,143,1,40.8,1,0.5,5,0,1,50.8,2.5,0
2,2024-01-01 00:30:08.000000,2024-01-01 00:39:11.000000,2,0.4,1,"N",162,162,1,9.3,1,0.5,3,0,1,17.3,2.5,0
2,2024-01-01 00:33:35.000000,2024-01-01 00:48:54.000000,1,0.55,1,"N",246,48,2,13.5,1,0.5,0,0,1,18.5,2.5,0
2,2024-01-01 00:53:06.000000,2024-01-01 00:58:01.000000,2,0.57,1,"N",68,246,2,6.5,1,0.5,0,0,1,11.5,2.5,0
1,2024-01-01 00:12:41.000000,2024-01-01 00:16:18.000000,1,0.9,1,"N",239,142,2,6.5,3.5,0.5,0,0,1,11.5,2.5,0
1,2024-01-01 00:21:14.000000,2024-01-01 00:25:07.000000,2,0.9,1,"N",239,238,1,6.5,3.5,0.5,2.3,0,1,13.8,2.5,0
1,2024-01-01 00:29:59.000000,2024-01-01 00:36:40.000000,1,1.3,1,"N",239,236,1,9.3,3.5,0.5,1,0,1,15.3,2.5,0
1,2024-01-01 00:46:49.000000,2024-01-01 00:59:43.000000,2,3.1,1,"N",239,41,1,17,3.5,0.5,4.4,0,1,26.4,2.5,0
2,2024-01-01 00:30:17.000000,2024-01-01 00:39:56.000000,2,1.8,1,"N",142,162,1,11.4,1,0.5,3,0,1,19.4,2.5,0
2,2024-01-01 00:49:37.000000,2024-01-01 00:57:03.000000,4,1.14,1,"N",237,263,1,9.3,1,0.5,2.86,0,1,17.16,2.5,0
2,2024-01-01 00:17:37.000000,2024-01-01 00:49:18.000000,1,20.63,2,"N",132,151,1,70,0,0.5,16.04,6.94,1,96.23,0,1.75
1,2024-01-01 00:00:26.000000,2024-01-01 00:28:26.000000,3,12.5,1,"N",132,129,1,51.3,2.75,0.5,11.11,0,1,66.66,0,1.75
1,2024-01-01 00:47:48.000000,2024-01-01 01:18:10.000000,4,4.2,1,"N",148,43,1,28.2,3.5,0.5,6.6,0,1,39.8,2.5,0
2,2024-01-01 00:23:34.000000,2024-01-01 00:27:26.000000,1,1.01,1,"N",141,229,1,6.5,1,0.5,1.5,0,1,13,2.5,0
2,2024-01-01 00:30:30.000000,2024-01-01 00:37:18.000000,1,0.67,1,"N",229,161,1,7.9,1,0.5,1.29,0,1,14.19,2.5,0
2,2024-01-01 00:42:35.000000,2024-01-01 00:47:04.000000,1,0.64,1,"N",237,229,1,6.5,1,0.5,1.72,0,1,13.22,2.5,0
2,2024-01-01 00:52:53.000000,2024-01-01 01:09:34.000000,1,4.07,1,"N",229,41,1,20.5,1,0.5,5.1,0,1,30.6,2.5,0
1,2024-01-01 00:25:34.000000,2024-01-01 00:35:51.000000,2,2.7,1,"N",237,74,1,13.5,3.5,0.5,3.7,0,1,22.2,2.5,0
1,2024-01-01 00:45:17.000000,2024-01-01 01:08:25.000000,2,2.4,1,"N",236,170,1,21.9,3.5,0.5,5.35,0,1,32.25,2.5,0
2,2024-01-01 00:58:30.000000,2024-01-01 01:20:43.000000,1,1.53,1,"N",90,224,1,19.1,1,0.5,6.03,0,1,30.13,2.5,0
1,2024-01-01 00:27:42.000000,2024-01-01 00:28:49.000000,1,0.2,1,"N",239,143,4,0,0,0,0,0,0,0,0,0
1,2024-01-01 00:36:35.000000,2024-01-01 00:54:05.000000,2,6.3,1,"N",43,243,1,28.9,3.5,0.5,6.75,0,1,40.65,2.5,0
2,2024-01-01 00:49:54.000000,2024-01-01 00:52:42.000000,2,0.41,1,"N",238,239,1,5.1,1,0.5,1.52,0,1,11.62,2.5,0
2,2024-01-01 00:57:47.000000,2024-01-01 01:13:40.000000,2,3.03,1,"N",239,229,1,17.7,1,0.5,4.54,0,1,27.24,2.5,0
2,2024-01-01 00:32:58.000000,2024-01-01 00:48:45.000000,3,6.15,1,"N",164,261,2,27.5,1,0.5,0,0,1,32.5,2.5,0
2,2024-01-01 00:06:30.000000,2024-01-01 00:17:27.000000,2,1.58,1,"N",79,232,1,11.4,1,0.5,3.28,0,1,19.68,2.5,0
2,2024-01-01 00:27:08.000000,2024-01-01 00:35:53.000000,1,1.49,1,"N",148,249,1,10.7,1,0.5,3.14,0,1,18.84,2.5,0
2,2024-01-01 00:38:02.000000,2024-01-01 00:55:20.000000,1,2.03,1,"N",249,137,1,16.3,1,0.5,4.26,0,1,25.56,2.5,0
2,2024-01-01 00:58:23.000000,2024-01-01 01:11:03.000000,1,1.96,1,"N",137,141,1,13.5,1,0.5,3.7,0,1,22.2,2.5,0
2,2024-01-01 00:17:40.000000,2024-01-01 00:30:59.000000,1,2.4,1,"N",161,148,2,14.9,1,0.5,0,0,1,19.9,2.5,0
2,2024-01-01 00:14:03.000000,2024-01-01 00:31:14.000000,1,5.4,1,"N",166,68,1,24.7,1,0.5,8.91,0,1,38.61,2.5,0
2,2024-01-01 00:43:16.000000,2024-01-01 00:58:08.000000,1,2.21,1,"N",249,224,1,12.1,1,0.5,1.2,0,1,18.3,2.5,0
2,2024-01-01 00:07:20.000000,2024-01-01 00:27:01.000000,1,7.79,1,"N",132,76,2,32.4,1,0.5,0,0,1,36.65,0,1.75
2,2024-01-01 00:06:25.000000,2024-01-01 00:09:55.000000,2,0.96,1,"N",263,140,1,6.5,1,0.5,2.3,0,1,13.8,2.5,0
2,2024-01-01 00:12:26.000000,2024-01-01 00:43:05.000000,1,3.12,1,"N",141,164,1,27.5,1,0.5,6.5,0,1,39,2.5,0
2,2024-01-01 00:51:24.000000,2024-01-01 01:07:05.000000,2,2.57,1,"N",170,148,1,16.3,1,0.5,1,0,1,22.3,2.5,0
2,2024-01-01 00:11:36.000000,2024-01-01 00:20:23.000000,1,2.08,1,"N",74,116,2,12.1,1,0.5,0,0,1,14.6,0,0
2,2024-01-01 00:24:35.000000,2024-01-01 00:28:41.000000,1,0.95,1,"N",116,42,2,6.5,1,0.5,0,0,1,9,0,0
2,2024-01-01 00:35:57.000000,2024-01-01 00:36:07.000000,1,0,1,"N",42,42,2,3,1,0.5,0,0,1,5.5,0,0
2,2024-01-01 00:43:36.000000,2024-01-01 00:49:21.000000,1,1.66,1,"N",41,238,2,9.3,1,0.5,0,0,1,14.3,2.5,0
2,2024-01-01 00:43:56.000000,2024-01-01 00:49:58.000000,3,0.36,1,"N",164,164,1,7.2,1,0.5,2.44,0,1,14.64,2.5,0
2,2024-01-01 00:59:34.000000,2024-01-01 01:03:35.000000,3,0.69,1,"N",234,234,1,6.5,1,0.5,2.3,0,1,13.8,2.5,0
2,2024-01-01 00:29:08.000000,2024-01-01 00:52:50.000000,1,3.6,1,"N",50,144,1,23.3,1,0.5,3,0,1,31.3,2.5,0
2,2024-01-01 00:54:19.000000,2024-01-01 01:05:49.000000,1,2.69,1,"N",144,162,1,14.9,1,0.5,3.98,0,1,23.88,2.5,0
1,2024-01-01 00:19:16.000000,2024-01-01 00:23:15.000000,1,0.6,1,"N",137,170,1,5.1,3.5,0.5,2.55,0,1,12.65,2.5,0
1,2024-01-01 00:29:55.000000,2024-01-01 00:35:46.000000,1,0.4,1,"N",229,229,2,5.1,3.5,0.5,0,0,1,10.1,2.5,0
1,2024-01-01 00:47:36.000000,2024-01-01 01:21:29.000000,1,2.9,1,"N",237,114,1,26.8,3.5,0.5,6.35,0,1,38.15,2.5,0
1,2024-01-01 00:31:12.000000,2024-01-01 00:57:39.000000,2,2.4,1,"N",249,170,1,23.3,3.5,0.5,5.65,0,1,33.95,2.5,0
1,2024-01-01 00:09:07.000000,2024-01-01 00:19:47.000000,3,1.1,1,"N",186,246,1,9.3,3.5,0.5,2.85,0,1,17.15,2.5,0
1,2024-01-01 00:42:08.000000,2024-01-01 00:45:32.000000,2,0.5,1,"N",68,249,1,5.1,3.5,0.5,2.5,0,1,12.6,2.5,0
1,2024-01-01 00:49:14.000000,2024-01-01 01:35:12.000000,2,6.8,1,"N",249,262,1,36.6,3.5,0.5,12.45,0,1,54.05,2.5,0
2,2024-01-01 00:58:25.000000,2024-01-01 01:19:15.000000,1,4.76,1,"N",87,137,1,28.2,1,0.5,4.98,0,1,38.18,2.5,0
1,2024-01-01 00:38:19.000000,2024-01-01 00:42:30.000000,2,0.7,1,"N",231,231,1,6.5,3.5,0.5,2.3,0,1,13.8,2.5,0
1,2024-01-01 00:44:06.000000,2024-01-01 00:58:20.000000,2,2.5,1,"N",231,170,1,14.9,3.5,0.5,3.98,0,1,23.88,2.5,0
1,2024-01-01 00:59:21.000000,2024-01-01 01:30:16.000000,1,4.9,1,"N",170,74,1,30.3,3.5,0.5,10.55,0,1,45.85,2.5,0
2,2024-01-01 00:27:36.000000,2024-01-01 00:40:52.000000,1,1.67,1,"N",107,186,1,13.5,1,0.5,3.7,0,1,22.2,2.5,0
1,2024-01-01 00:38:23.000000,2024-01-01 00:47:23.000000,2,0.5,1,"N",164,170,1,9.3,3.5,0.5,2.85,0,1,17.15,2.5,0
1,2024-01-01 00:15:34.000000,2024-01-01 00:39:02.000000,1,11.2,1,"N",138,97,1,45,7.75,0.5,10.85,0,1,65.1,0,1.75
2,2024-01-01 00:11:07.000000,2024-01-01 00:16:23.000000,1,0.99,1,"N",141,233,2,7.2,1,0.5,0,0,1,12.2,2.5,0
2,2024-01-01 00:41:47.000000,2024-01-01 01:33:08.000000,2,1.81,1,"N",234,68,1,38.7,1,0.5,8.74,0,1,52.44,2.5,0
2,2024-01-01 00:16:14.000000,2024-01-01 00:31:53.000000,1,3.49,1,"N",238,42,1,19.1,1,0.5,4.82,0,1,28.92,2.5,0
1,2024-01-01 00:55:55.000000,2024-01-01 01:00:57.000000,2,1,1,"N",24,238,1,7.9,3.5,0.5,2.55,0,1,15.45,2.5,0
1,2024-01-01 00:13:33.000000,2024-01-01 00:20:26.000000,1,0.8,1,"N",79,4,1,7.9,3.5,0.5,2.55,0,1,15.45,2.5,0
1,2024-01-01 00:23:19.000000,2024-01-01 00:31:23.000000,2,1.5,1,"N",79,170,1,9.3,3.5,0.5,1.5,0,1,15.8,2.5,0
2,2024-01-01 00:23:07.000000,2024-01-01 00:56:00.000000,5,3.48,1,"N",246,238,1,31,1,0.5,7.2,0,1,43.2,2.5,0
2,2024-01-01 00:57:11.000000,2024-01-01 01:01:40.000000,5,0.9,1,"N",238,43,1,7.2,1,0.5,2.44,0,1,14.64,2.5,0
2,2024-01-01 00:14:14.000000,2024-01-01 00:28:18.000000,1,1.2,1,"N",142,48,2,13.5,1,0.5,0,0,1,18.5,2.5,0
2,2024-01-01 00:34:28.000000,2024-01-01 00:47:30.000000,1,3.15,1,"N",48,166,1,16.3,1,0.5,3,0,1,24.3,2.5,0
2,2024-01-01 00:50:59.000000,2024-01-01 01:00:43.000000,1,1.84,1,"N",151,143,1,12.1,1,0.5,0,0,1,17.1,2.5,0
2,2024-01-01 00:35:08.000000,2024-01-01 00:47:37.000000,1,1.81,1,"N",226,146,2,13.5,1,0.5,0,0,1,16,0,0
1,2024-01-01 00:07:44.000000,2024-01-01 00:28:59.000000,2,3.6,1,"N",137,142,1,21.9,3.5,0.5,5.35,0,1,32.25,2.5,0
1,2024-01-01 00:30:16.000000,2024-01-01 00:38:07.000000,2,1.4,1,"N",142,239,1,10,3.5,0.5,4.5,0,1,19.5,2.5,0
1,2024-01-01 00:45:55.000000,2024-01-01 01:15:10.000000,3,6.2,1,"N",239,158,1,33.8,3.5,0.5,7.75,0,1,46.55,2.5,0
2,2024-01-01 00:48:07.000000,2024-01-01 01:04:05.000000,1,1.25,1,"N",163,142,1,14.2,1,0.5,1.92,0,1,21.12,2.5,0
2,2024-01-01 00:19:41.000000,2024-01-01 00:32:28.000000,1,4.15,1,"N",161,41,1,18.4,1,0.5,4.68,0,1,28.08,2.5,0
2,2024-01-01 00:39:03.000000,2024-01-01 00:55:15.000000,1,2.75,1,"N",166,116,2,17,1,0.5,0,0,1,19.5,0,0
2,2024-01-01 00:25:33.000000,2024-01-01 00:41:59.000000,1,0.46,1,"N",164,186,1,14.2,1,0.5,0,0,1,19.2,2.5,0
2,2024-01-01 00:55:35.000000,2024-01-01 01:07:46.000000,1,1.21,1,"N",164,186,2,12.1,1,0.5,0,0,1,17.1,2.5,0
1,2024-01-01 00:07:16.000000,2024-01-01 00:15:14.000000,1,1.3,1,"N",211,231,1,8.6,3.5,0.5,2,0,1,15.6,2.5,0
1,2024-01-01 00:22:33.000000,2024-01-01 00:47:07.000000,1,4.9,1,"N",231,140,1,24,3.5,0.5,5.8,0,1,34.8,2.5,0
1,2024-01-01 00:59:32.000000,2024-01-01 01:05:18.000000,1,0.8,1,"N",141,236,1,6.5,3.5,0.5,2.9,0,1,14.4,2.5,0
1,2024-01-01 00:28:48.000000,2024-01-01 00:33:49.000000,1,1,1,"N",137,79,1,6.5,3.5,0.5,2.9,0,1,14.4,2.5,0
1,2024-01-01 00:39:32.000000,2024-01-01 00:48:35.000000,1,1,1,"N",79,249,1,8.6,3.5,0.5,2.7,0,1,16.3,2.5,0
1,2024-01-01 00:49:33.000000,2024-01-01 01:13:27.000000,1,2.4,1,"N",249,50,2,19.8,3.5,0.5,0,0,1,24.8,2.5,0
2,2024-01-01 00:22:21.000000,2024-01-01 01:01:30.000000,2,5.73,1,"N",234,238,1,35.9,1,0.5,10.22,0,1,51.12,2.5,0
2,2024-01-01 00:17:17.000000,2024-01-01 00:20:32.000000,1,0.91,1,"N",229,141,2,6.5,1,0.5,0,0,1,11.5,2.5,0
2,2024-01-01 00:32:30.000000,2024-01-01 00:54:30.000000,4,3.07,1,"N",237,79,1,20.5,1,0.5,5.1,0,1,30.6,2.5,0
2,2024-01-01 00:24:34.000000,2024-01-01 01:01:21.000000,1,2.1,1,"N",142,164,2,29.6,1,0.5,0,0,1,34.6,2.5,0
1,2024-01-01 00:11:55.000000,2024-01-01 00:16:59.000000,1,0.8,1,"N",249,234,1,6.5,3.5,0.5,2.3,0,1,13.8,2.5,0
1,2024-01-01 00:22:23.000000,2024-01-01 00:57:18.000000,1,6.4,1,"N",113,238,1,36.6,3.5,0.5,8.32,0,1,49.92,2.5,0
2,2024-01-01 00:09:26.000000,2024-01-01 00:14:22.000000,2,0.87,1,"N",237,229,1,7.2,1,0.5,1.5,0,1,13.7,2.5,0
2,2024-01-01 00:27:13.000000,2024-01-01 00:32:38.000000,2,0.62,1,"N",161,237,1,7.2,1,0.5,3.05,0,1,15.25,2.5,0
2,2024-01-01 00:37:55.000000,2024-01-01 01:13:04.000000,2,18.44,1,"N",163,265,2,70.9,1,0.5,0,0,1,75.9,2.5,0
2,2024-01-01 00:00:36.000000,2024-01-01 00:13:37.000000,4,3.97,1,"N",263,226,2,18.4,1,0.5,0,0,1,23.4,2.5,0
2,2024-01-01 00:37:19.000000,2024-01-01 00:43:16.000000,3,1.28,1,"N",43,263,2,8.6,1,0.5,0,0,1,13.6,2.5,0
2,2024-01-01 00:48:15.000000,2024-01-01 00:57:27.000000,3,1.56,1,"N",236,239,1,10.7,1,0.5,3.14,0,1,18.84,2.5,0
2,2024-01-01 00:04:05.000000,2024-01-01 00:20:09.000000,1,3.23,1,"N",166,237,1,18.4,1,0.5,4.68,0,1,28.08,2.5,0
2,2024-01-01 00:33:17.000000,2024-01-01 01:08:45.000000,1,4.23,1,"N",239,114,1,31,1,0.5,7.2,0,1,43.2,2.5,0
2,2024-01-01 00:26:30.000000,2024-01-01 00:34:24.000000,2,1.31,1,"N",170,113,1,9.3,1,0.5,2.86,0,1,17.16,2.5,0
2,2024-01-01 00:38:47.000000,2024-01-01 00:44:26.000000,4,0.67,1,"N",211,79,1,7.2,1,0.5,2.44,0,1,14.64,2.5,0
2,2024-01-01 00:46:40.000000,2024-01-01 00:51:38.000000,1,0.76,1,"N",79,114,2,7.2,1,0.5,0,0,1,12.2,2.5,0
2,2024-01-01 00:54:59.000000,2024-01-01 01:12:00.000000,2,1.91,1,"N",114,261,1,16.3,1,0.5,3.2,0,1,24.5,2.5,0
2,2024-01-01 00:43:24.000000,2024-01-01 01:14:26.000000,1,19.78,1,"N",132,181,1,75.8,1,0.5,15.66,0,1,95.71,0,1.75
2,2024-01-01 00:09:19.000000,2024-01-01 00:21:34.000000,1,1.79,1,"N",163,239,2,13.5,1,0.5,0,0,1,18.5,2.5,0
2,2024-01-01 00:22:17.000000,2024-01-01 00:37:17.000000,1,2.86,1,"N",239,237,2,16.3,1,0.5,0,0,1,21.3,2.5,0
2,2024-01-01 00:11:56.000000,2024-01-01 00:21:45.000000,1,2.31,1,"N",234,229,1,12.8,1,0.5,0,0,1,17.8,2.5,0
2,2024-01-01 00:25:30.000000,2024-01-01 00:31:01.000000,1,0.44,1,"N",233,162,1,6.5,1,0.5,2.3,0,1,13.8,2.5,0
2,2024-01-01 00:36:41.000000,2024-01-01 00:51:06.000000,1,0.82,1,"N",161,233,2,12.8,1,0.5,0,0,1,17.8,2.5,0
2,2024-01-01 00:20:37.000000,2024-01-01 00:37:19.000000,1,5.74,1,"N",88,170,1,26.8,1,0.5,7.95,0,1,39.75,2.5,0
2,2024-01-01 00:43:51.000000,2024-01-01 01:05:00.000000,1,5.69,1,"N",164,261,1,28.2,1,0.5,0,0,1,33.2,2.5,0
1,2024-01-01 00:11:55.000000,2024-01-01 00:18:43.000000,1,0.9,1,"N",125,144,1,8.6,3.5,0.5,1,0,1,14.6,2.5,0
1,2024-01-01 00:21:44.000000,2024-01-01 00:34:07.000000,1,2,1,"N",144,90,1,13.5,3.5,0.5,3.7,0,1,22.2,2.5,0
1,2024-01-01 00:19:07.000000,2024-01-01 00:27:05.000000,1,1.3,1,"N",170,79,1,7.9,3.5,0.5,3.25,0,1,16.15,2.5,0
1,2024-01-01 00:45:14.000000,2024-01-01 01:16:21.000000,1,3.9,1,"N",79,142,1,26.1,3.5,0.5,6.2,0,1,37.3,2.5,0
2,2024-01-01 00:17:24.000000,2024-01-01 00:20:14.000000,2,0.3,1,"N",79,114,1,5.1,1,0.5,2,0,1,12.1,2.5,0
2,2024-01-01 00:30:13.000000,2024-01-01 00:42:26.000000,1,1.85,1,"N",79,234,1,12.8,1,0.5,1,0,1,18.8,2.5,0
2,2024-01-01 00:54:16.000000,2024-01-01 01:36:10.000000,1,2.55,1,"N",249,68,1,33.8,1,0.5,2,0,1,40.8,2.5,0
2,2024-01-01 00:42:08.000000,2024-01-01 00:53:42.000000,2,1.93,1,"N",148,234,1,12.1,1,0.5,3.42,0,1,20.52,2.5,0
2,2024-01-01 00:56:36.000000,2024-01-01 01:13:47.000000,3,1.48,1,"N",234,107,1,14.9,1,0.5,3.98,0,1,23.88,2.5,0
2,2024-01-01 00:02:30.000000,2024-01-01 00:15:46.000000,2,3.41,1,"N",140,4,1,18.4,1,0.5,5.08,0,1,28.48,2.5,0
2,2024-01-01 00:19:04.000000,2024-01-01 00:34:10.000000,2,3.26,1,"N",79,163,1,17.7,1,0.5,4.54,0,1,27.24,2.5,0
2,2024-01-01 00:40:25.000000,2024-01-01 01:09:05.000000,2,3.05,1,"N",43,170,2,26.1,1,0.5,0,0,1,31.1,2.5,0
2,2024-01-01 00:39:29.000000,2024-01-01 01:37:50.000000,2,1.29,1,"N",246,107,2,19.8,1,0.5,0,0,1,24.8,2.5,0
2,2024-01-01 00:25:34.000000,2024-01-01 00:44:50.000000,3,2.52,1,"N",162,246,1,18.4,1,0.5,1,0,1,24.4,2.5,0
2,2024-01-01 00:52:55.000000,2024-01-01 00:59:21.000000,2,0.75,1,"N",68,246,1,7.9,1,0.5,2.58,0,1,15.48,2.5,0
2,2024-01-01 00:58:28.000000,2024-01-01 01:07:47.000000,2,2.32,1,"N",41,239,1,12.8,1,0.5,3.56,0,1,21.36,2.5,0
1,2024-01-01 00:26:17.000000,2024-01-01 00:35:19.000000,1,3.3,1,"N",263,168,1,15.6,3.5,0.5,1,0,1,21.6,2.5,0
2,2024-01-01 00:41:52.000000,2024-01-01 01:04:52.000000,1,2.41,1,"N",170,236,2,20.5,1,0.5,0,0,1,25.5,2.5,0
1,2024-01-01 00:34:40.000000,2024-01-01 00:55:26.000000,1,4.4,1,"N",162,112,1,24,3.5,0.5,4,0,1,33,2.5,0
2,2024-01-01 00:45:03.000000,2024-01-01 00:50:08.000000,1,0.71,1,"N",137,233,1,6.5,1,0.5,2.3,0,1,13.8,2.5,0
2,2024-01-01 00:53:14.000000,2024-01-01 01:20:50.000000,1,4.78,1,"N",170,151,1,27.5,1,0.5,6.5,0,1,39,2.5,0
2,2024-01-01 00:36:24.000000,2024-01-01 01:05:38.000000,1,9.59,1,"N",132,177,2,42.9,1,0.5,0,0,1,47.15,0,1.75
2,2024-01-01 00:45:51.000000,2024-01-01 01:07:45.000000,2,2.3,1,"N",246,233,1,19.8,1,0.5,3.9,0,1,28.7,2.5,0
1,2024-01-01 00:35:56.000000,2024-01-01 00:56:40.000000,2,2.6,1,"Y",239,162,2,17,3.5,0.5,0,0,1,22,2.5,0
2,2024-01-01 00:07:38.000000,2024-01-01 00:20:55.000000,2,2.2,1,"N",148,234,1,14.2,1,0.5,3.84,0,1,23.04,2.5,0
2,2024-01-01 00:28:48.000000,2024-01-01 01:08:54.000000,4,7.46,1,"N",107,48,1,40.1,1,0.5,13.53,0,1,58.63,2.5,0
1,2024-01-01 00:23:24.000000,2024-01-01 00:27:47.000000,1,0.7,1,"N",144,114,1,5.8,3.5,0.5,2.15,0,1,12.95,2.5,0
1,2024-01-01 00:23:47.000000,2024-01-01 00:26:59.000000,3,0.7,1,"N",68,246,2,5.8,3.5,0.5,0,0,1,10.8,2.5,0
1,2024-01-01 00:47:21.000000,2024-01-01 00:52:02.000000,2,0.5,1,"N",90,164,2,6.5,3.5,0.5,0,0,1,11.5,2.5,0
2,2024-01-01 00:53:20.000000,2024-01-01 00:58:15.000000,1,0.78,1,"N",142,50,1,7.2,1,0.5,2.44,0,1,14.64,2.5,0
2,2024-01-01 00:21:57.000000,2024-01-01 00:44:21.000000,1,1.26,1,"N",161,234,1,19.1,1,0.5,1,0,1,25.1,2.5,0
2,2024-01-01 00:53:15.000000,2024-01-01 01:29:31.000000,1,8.7,1,"N",234,42,1,44.3,1,0.5,12.32,0,1,61.62,2.5,0
2,2024-01-01 00:44:17.000000,2024-01-01 01:08:30.000000,3,1.43,1,"N",161,107,1,20.5,1,0.5,7.65,0,1,33.15,2.5,0
1,2024-01-01 00:18:47.000000,2024-01-01 00:45:32.000000,1,11,1,"N",224,127,1,46.4,3.5,0.5,0,0,1,51.4,2.5,0
2,2024-01-01 00:03:26.000000,2024-01-01 00:07:35.000000,4,0.65,1,"N",144,79,1,5.8,1,0.5,2.16,0,1,12.96,2.5,0
2,2024-01-01 00:13:00.000000,2024-01-01 00:23:58.000000,1,1.36,1,"N",79,164,2,11.4,1,0.5,0,0,1,16.4,2.5,0
1,2024-01-01 00:08:05.000000,2024-01-01 00:17:35.000000,1,2.2,1,"N",142,75,1,11.4,3.5,0.5,4.1,0,1,20.5,2.5,0
1,2024-01-01 00:22:30.000000,2024-01-01 00:32:58.000000,1,1.9,1,"N",238,141,1,12.1,3.5,0.5,2.56,0,1,19.66,2.5,0
1,2024-01-01 00:46:45.000000,2024-01-01 01:16:46.000000,1,5.6,1,"N",142,79,1,30.3,3.5,0.5,7.05,0,1,42.35,2.5,0
2,2024-01-01 00:49:42.000000,2024-01-01 01:16:53.000000,2,3.21,1,"N",249,162,1,24,1,0.5,5.8,0,1,34.8,2.5,0
2,2024-01-01 00:32:29.000000,2024-01-01 01:04:22.000000,1,2.94,1,"N",162,144,1,26.8,1,0.5,6.36,0,1,38.16,2.5,0
2,2024-01-01 00:34:41.000000,2024-01-01 00:40:18.000000,1,0.61,1,"N",186,68,1,6.5,1,0.5,2.3,0,1,13.8,2.5,0
2,2024-01-01 00:30:47.000000,2024-01-01 00:40:43.000000,3,1.27,1,"N",170,237,2,10.7,1,0.5,0,0,1,15.7,2.5,0
2,2024-01-01 00:49:22.000000,2024-01-01 00:56:38.000000,2,1.03,1,"N",161,237,1,8.6,1,0.5,3,0,1,16.6,2.5,0
2,2024-01-01 00:57:58.000000,2024-01-01 01:09:59.000000,2,1.66,1,"N",237,161,1,13.5,1,0.5,5.55,0,1,24.05,2.5,0
2,2024-01-01 00:36:13.000000,2024-01-01 00:54:15.000000,1,2,1,"N",114,170,2,17,1,0.5,0,0,1,22,2.5,0
1,2024-01-01 00:30:34.000000,2024-01-01 00:51:34.000000,2,4.4,1,"N",234,263,1,22.6,3.5,0.5,2,0,1,29.6,2.5,0
2,2024-01-01 00:17:21.000000,2024-01-01 00:38:00.000000,1,2.46,1,"N",142,262,1,19.1,1,0.5,2.41,0,1,26.51,2.5,0
2,2024-01-01 00:44:48.000000,2024-01-01 01:12:54.000000,5,2.71,1,"N",140,48,1,24.7,1,0.5,2,0,1,31.7,2.5,0
1,2024-01-01 00:29:46.000000,2024-01-01 00:38:04.000000,1,0.6,1,"N",249,114,1,8.6,3.5,0.5,2.7,0,1,16.3,2.5,0
1,2024-01-01 00:44:59.000000,2024-01-01 00:55:18.000000,2,1.3,1,"N",114,4,1,10.7,3.5,0.5,3,0,1,18.7,2.5,0
2,2024-01-01 00:24:35.000000,2024-01-01 00:33:04.000000,1,1.63,1,"N",48,142,2,10.7,1,0.5,0,0,1,15.7,2.5,0
2,2024-01-01 00:42:40.000000,2024-01-01 00:51:13.000000,2,1.39,1,"N",239,263,1,10.7,1,0.5,3.14,0,1,18.84,2.5,0
1,2024-01-01 00:10:40.000000,2024-01-01 00:22:59.000000,2,3,1,"N",79,141,1,14.9,3.5,0.5,4,0,1,23.9,2.5,0
1,2024-01-01 00:28:44.000000,2024-01-01 00:55:06.000000,2,15.8,1,"N",140,16,1,59,3.5,0.5,0,6.94,1,70.94,2.5,0
2,2024-01-01 00:14:22.000000,2024-01-01 00:21:53.000000,1,1.17,1,"N",170,161,4,-9.3,-1,-0.5,0,0,-1,-14.3,-2.5,0
